0,0.386999,0.0654879,-0.187622,-1.60335,0.321776
1,1.09399,0.17521,-0.0578997,-1.78537,0.188644
2,1.01284,0.058815,-0.0602731,-1.83425,0.295597
3,1.95258,0.141304,-0.0836332,-1.80225,-0.116379
4,0.307589,0.174898,-0.203536,-1.89532,-0.155452
5,1.9704,0.0434419,-0.101949,-1.5345,0.185169
6,-1.99565,0.158823,-0.135321,-1.69937,0.282116
7,-0.133097,0.0431104,-0.102833,-1.80328,0.0591175
8,1.27576,0.0661057,-0.0957821,-1.69604,0.177706
9,1.43941,0.0913499,-0.131437,-1.76841,-0.0674186
10,1.29637,0.0861597,-0.19501,-1.79697,-0.0814981
11,0.11965,0.0604376,-0.0717436,-1.92215,0.334706
12,1.08155,0.132883,-0.120927,-1.53813,0.112544
13,1.60846,0.101052,-0.111824,-1.52117,-0.0459519
14,0.942186,0.15027,-0.176977,-1.57154,0.188037
15,-1.0679,0.0771701,-0.116412,-1.85218,-0.0921508
16,1.35988,0.160341,-0.117268,-1.91335,0.0563488
17,-1.16954,0.0677086,-0.161111,-1.88574,0.232031
18,0.859081,0.0292853,-0.196665,-1.90059,0.27597
19,1.21244,0.0431307,-0.0597765,-1.81691,0.224944
20,1.12729,0.0352069,-0.0563893,-1.64049,0.293278
21,1.76708,0.0309307,-0.196177,-1.8561,0.234974
22,-1.39543,0.124566,-0.121116,-1.51032,0.156611
23,1.51733,0.118963,-0.197881,-1.54953,0.254046
24,-0.367193,0.138205,-0.210086,-1.5528,0.298515
25,-0.958352,0.0756802,-0.0828868,-1.53597,-0.113485
26,0.0879957,0.109182,-0.129233,-1.53933,-0.071297
27,-0.337799,0.143394,-0.155128,-1.63433,0.332796
28,0.63211,0.1216,-0.0782951,-1.51816,0.223897
29,-0.740834,0.0558664,-0.144269,-1.60614,-0.0279992
30,-0.659144,0.037899,-0.208276,-1.7527,0.152728
31,-1.66937,0.103915,-0.136069,-1.59107,0.148038
32,1.97977,0.0556952,-0.20964,-1.72438,0.0196378
33,-0.0396618,0.056671,-0.0908028,-1.80058,0.202982
34,0.673089,0.0614389,-0.111825,-1.59887,-0.171377
35,1.80214,0.110589,-0.0640026,-1.79571,0.328468
36,0.425439,0.112099,-0.144894,-1.74139,-0.11353
37,-0.101908,0.128589,-0.0760515,-1.67677,-0.0372783
38,0.672406,0.109941,-0.175804,-1.79657,-0.187451
39,1.40419,0.0762669,-0.0890921,-1.85162,-0.136581
40,-1.6914,0.128987,-0.206825,-1.83735,0.14096
41,1.3138,0.0468244,-0.0733378,-1.68616,0.238146
42,1.7948,0.0335151,-0.0933397,-1.91998,0.183206
43,-0.0754554,0.10988,-0.20328,-1.5734,-0.0544238
44,0.397018,0.120085,-0.178416,-1.91674,-0.130188
45,-2.00006,0.119335,-0.161744,-1.67257,-0.190674
46,1.72492,0.0624914,-0.0685337,-1.50794,0.116841
47,-0.16331,0.10791,-0.11443,-1.79068,-0.128838
48,1.75863,0.0400633,-0.0933694,-1.71745,0.06189
49,-0.0807792,0.0221168,-0.14126,-1.52479,-0.11826
50,-2.05198,0.133803,-0.065164,-1.63732,0.0299944
51,-1.38214,0.0660107,-0.111815,-1.69902,0.221995
52,-0.628096,0.112489,-0.163849,-1.53849,0.0220306
53,1.71151,0.0452927,-0.103533,-1.61306,0.184312
54,-1.07682,0.074656,-0.110037,-1.84778,-0.198841
55,-0.622424,0.0683376,-0.116348,-1.79637,0.308539
56,1.34665,0.0739348,-0.0679451,-1.85833,0.0672059
57,-0.566455,0.0246752,-0.191735,-1.80978,-0.00158968
58,-1.7148,0.096273,-0.149356,-1.74131,0.00116153
59,1.22111,0.0454864,-0.060934,-1.79724,0.292265
60,2.00159,0.136037,-0.0775985,-1.57381,-0.144855
61,1.55221,0.12266,-0.0649708,-1.85641,0.0861014
62,1.78397,0.0900456,-0.0823728,-1.78166,0.179103
63,1.2952,0.031983,-0.126245,-1.71924,0.329042
64,1.29858,0.14171,-0.204557,-1.5206,0.165485
65,-1.28372,0.0540922,-0.198283,-1.84834,0.310322
66,-0.85571,0.110041,-0.126789,-1.75023,0.0597942
67,-0.480753,0.116995,-0.201311,-1.64106,-0.115245
68,-0.717007,0.0280744,-0.092489,-1.6681,0.0339519
69,-0.0516227,0.0776584,-0.207967,-1.62708,-0.0410631
70,0.694188,0.0277872,-0.139365,-1.77601,0.0428587
71,-1.6099,0.104031,-0.0996629,-1.89752,0.105488
72,0.0548513,0.102474,-0.0790295,-1.62779,0.0185404
73,0.349038,0.0546114,-0.206832,-1.76864,-0.0607421
74,-0.130852,0.124583,-0.0709462,-1.7743,-0.144363
75,-0.140651,0.123219,-0.139962,-1.89814,-0.151896
76,0.701918,0.162935,-0.206225,-1.58391,0.127214
77,-1.44519,0.164977,-0.121614,-1.90415,-0.000891742
78,0.865971,0.0312837,-0.154462,-1.62844,0.121714
79,-1.5566,0.023308,-0.0770851,-1.50996,0.0757305
80,0.646874,0.0847794,-0.130524,-1.70283,0.255443
81,1.64976,0.132762,-0.126792,-1.54593,0.110502
82,-0.426915,0.0596469,-0.0832942,-1.84295,-0.175967
83,1.18306,0.022653,-0.149557,-1.9194,0.153708
84,-1.01446,0.140937,-0.118024,-1.76513,0.202206
85,-1.75643,0.0851729,-0.158929,-1.8864,-0.0164474
86,-0.549375,0.0669527,-0.188477,-1.84165,0.178034
87,0.388901,0.132548,-0.116895,-1.62378,-0.205079
88,1.78666,0.174487,-0.152019,-1.88292,0.24491
89,-1.60166,0.14426,-0.201126,-1.63708,0.00423489
90,-0.986997,0.0690792,-0.149309,-1.72428,0.281703
91,-1.46552,0.161871,-0.14564,-1.68693,-0.206705
92,-0.739524,0.0228484,-0.163383,-1.63792,-0.0225607
93,-1.48069,0.0325048,-0.116977,-1.674,0.0107836
94,-0.619589,0.0430676,-0.178878,-1.59002,0.287822
95,1.48222,0.0659982,-0.152706,-1.66297,-0.0627052
96,-0.565517,0.152447,-0.0919852,-1.76907,-0.041251
97,0.186533,0.137361,-0.152739,-1.7127,0.262351
98,-0.511226,0.167782,-0.144465,-1.53218,-0.00629714
99,-0.635863,0.0342223,-0.177559,-1.63716,0.30888
0,0.206922,0.141118,-0.0683852,-1.63463,0.155733
1,-1.35968,0.13585,-0.190462,-1.85518,0.288769
2,-0.850809,0.057308,-0.0776878,-1.68965,-0.0999541
3,-0.980473,0.0742766,-0.116434,-1.66714,-0.0298732
4,-0.282152,0.128334,-0.143066,-1.81039,-0.185449
5,-0.445025,0.0487112,-0.0778047,-1.82482,-0.0897162
6,-0.123233,0.134736,-0.0799266,-1.76887,0.0746557
7,1.30141,0.165173,-0.0766399,-1.91399,0.321223
8,-1.72674,0.166994,-0.094973,-1.52765,-0.00187711
9,0.54639,0.0686153,-0.0663894,-1.64487,0.0123298
10,-1.73949,0.100603,-0.0992062,-1.71754,0.101904
11,0.939092,0.173299,-0.162922,-1.54754,0.303629
12,-1.40844,0.135619,-0.0749013,-1.61815,0.236626
13,0.184059,0.116833,-0.126292,-1.53659,0.318437
14,1.53133,0.159899,-0.0564384,-1.52038,-0.0868847
15,-1.82541,0.123662,-0.11508,-1.88558,0.119374
16,-1.69905,0.0248723,-0.14479,-1.88354,0.148997
17,-1.20245,0.0355334,-0.176396,-1.90961,-0.173446
18,-0.656774,0.0789432,-0.164985,-1.63876,0.222278
19,1.74234,0.102845,-0.0631841,-1.81506,0.0433417
20,1.85793,0.171127,-0.191174,-1.69836,0.200863
21,-1.5945,0.148016,-0.0861358,-1.60439,-0.0243708
22,-1.17635,0.138536,-0.130184,-1.68089,-0.150597
23,1.58002,0.0234048,-0.152628,-1.57792,-0.184104
24,-0.0727041,0.173026,-0.128296,-1.60031,0.0306956
25,-0.0683992,0.0822483,-0.18784,-1.77798,0.338898
26,1.39305,0.136386,-0.157765,-1.82768,0.126142
27,-1.78419,0.0619054,-0.0582426,-1.88027,-0.00697375
28,0.153891,0.0845275,-0.189124,-1.57159,-0.179324
29,-1.1623,0.16599,-0.129327,-1.74021,0.261764
30,-0.871249,0.111542,-0.111828,-1.86617,-0.0572892
31,-0.51086,0.075895,-0.114931,-1.68649,-0.175084
32,1.39501,0.130473,-0.177017,-1.86729,0.0224038
33,-0.999467,0.151203,-0.172194,-1.71756,0.0880009
34,-1.30511,0.147425,-0.122998,-1.86916,-0.0120008
35,-0.409137,0.0357688,-0.205513,-1.67726,-0.0480344
36,-0.872566,0.098024,-0.0705079,-1.85078,0.312735
37,-1.5247,0.0353804,-0.0992427,-1.87766,0.319435
38,1.71315,0.127535,-0.173147,-1.85121,0.00959409
39,-1.2315,0.108533,-0.0954848,-1.76057,0.121994
40,-0.627368,0.13148,-0.188364,-1.77673,0.0621741
41,-0.281334,0.0465544,-0.175053,-1.56368,0.288942
42,0.960693,0.136347,-0.0861873,-1.52547,-0.202513
43,1.62644,0.036561,-0.057226,-1.8308,0.181702
44,1.86837,0.142032,-0.0703182,-1.7529,-0.0742549
45,-0.240504,0.110849,-0.130032,-1.73844,0.177972
46,1.55832,0.142883,-0.204153,-1.63744,0.0387076
47,-0.742579,0.0674424,-0.0988956,-1.59692,0.150743
48,-0.906265,0.132544,-0.109376,-1.78255,0.0766726
49,-0.363904,0.0529678,-0.179753,-1.86492,-0.0211015
50,1.59122,0.040687,-0.136831,-1.84442,0.0679612
51,-0.0961398,0.144549,-0.113219,-1.92149,0.117924
52,-0.0212589,0.137616,-0.079539,-1.65426,0.0616552
53,-1.21426,0.0397164,-0.114177,-1.58985,0.152011
54,-0.893215,0.136741,-0.196741,-1.58145,-0.144615
55,0.993323,0.101253,-0.130108,-1.89915,0.0971546
56,-0.303906,0.114741,-0.164642,-1.64498,0.239707
57,0.734754,0.127756,-0.199832,-1.82552,-0.179737
58,2.01338,0.0278734,-0.0811871,-1.7453,0.0942001
59,1.66631,0.0460688,-0.0901664,-1.64492,0.301521
60,0.171326,0.103072,-0.192547,-1.62852,0.203146
61,1.20832,0.0766586,-0.166351,-1.90591,0.0599806
62,0.485393,0.0328484,-0.118587,-1.88205,0.283497
63,-0.100892,0.107519,-0.166222,-1.56239,-0.0625162
64,1.71261,0.0351114,-0.157853,-1.89618,0.0790054
65,1.53956,0.0716933,-0.131769,-1.85174,0.0208411
66,-0.856239,0.115488,-0.0684938,-1.59748,0.328026
67,-0.481813,0.110937,-0.156942,-1.60828,-0.151044
68,-1.4155,0.16132,-0.0711376,-1.6739,-0.0207433
69,1.16758,0.0321818,-0.154376,-1.53252,0.254139
70,-2.06435,0.107485,-0.0972647,-1.66302,0.26512
71,-0.256149,0.125948,-0.119577,-1.69789,-0.198288
72,0.821228,0.0473431,-0.10479,-1.58155,0.0854824
73,1.89312,0.0783286,-0.0576236,-1.76023,-0.169924
74,1.52455,0.152453,-0.208001,-1.61985,0.261704
75,-0.75284,0.0368078,-0.0579941,-1.67312,0.0762709
76,-0.255276,0.136335,-0.138451,-1.56166,-0.0669907
77,2.04136,0.0551431,-0.177729,-1.86812,-0.145977
78,-1.68941,0.0234421,-0.203498,-1.60028,0.279
79,-1.38102,0.146887,-0.0856932,-1.81166,0.0919799
80,1.51707,0.0517411,-0.125671,-1.70905,0.255616
81,-0.791507,0.171377,-0.1015,-1.68264,0.121724
82,-1.76246,0.096617,-0.193183,-1.69615,-0.0672778
83,-0.14396,0.174086,-0.168382,-1.85942,0.225162
84,0.732156,0.0828452,-0.155848,-1.62008,-0.101112
85,0.0768548,0.0529505,-0.192339,-1.6119,0.136694
86,1.22937,0.0794422,-0.121881,-1.67522,0.0266734
87,1.91337,0.0240775,-0.0677319,-1.88019,-0.173169
88,-0.346145,0.0432893,-0.179118,-1.75041,0.212271
89,2.06652,0.106437,-0.0722736,-1.85749,0.205624
90,-2.0427,0.172601,-0.0917476,-1.59403,0.122308
91,0.554453,0.0438594,-0.132328,-1.67721,-0.0884829
92,-1.96947,0.137429,-0.180971,-1.82502,0.060755
93,-0.32111,0.068862,-0.128076,-1.8842,-0.0935659
94,-1.71929,0.171672,-0.146076,-1.67899,-0.0629413
95,-0.553788,0.173062,-0.0773579,-1.60749,0.150175
96,0.447847,0.166164,-0.0686011,-1.74356,0.110111
97,-1.55817,0.0534806,-0.10497,-1.71426,0.205007
98,0.660112,0.0698973,-0.0597181,-1.5956,0.0463271
99,1.33139,0.0327751,-0.0623168,-1.58424,0.163769
0,-0.739,0.16334,-0.116351,-1.75362,0.0647855
1,-1.85253,0.0979756,-0.0854179,-1.78975,-0.130889
2,1.90598,0.0608015,-0.127703,-1.52819,0.0324523
3,0.687883,0.174712,-0.182902,-1.60581,0.163514
4,0.606792,0.0531597,-0.209064,-1.65072,-0.180939
5,-0.270022,0.10106,-0.174938,-1.56517,0.186602
6,-0.253792,0.137991,-0.108396,-1.73233,0.195097
7,-0.423182,0.124628,-0.203227,-1.68618,0.30743
8,0.514939,0.0537161,-0.205742,-1.85804,-0.186622
9,-0.781986,0.0386922,-0.105011,-1.70266,-0.00138088
10,0.65216,0.0423593,-0.158551,-1.63713,0.298648
11,0.429233,0.0498291,-0.158763,-1.66093,-0.019744
12,0.334928,0.0521666,-0.151673,-1.7538,0.0254065
13,0.434459,0.177246,-0.0617832,-1.83435,-0.0185028
14,1.96325,0.115296,-0.184562,-1.5541,0.0759454
15,0.431473,0.138179,-0.122646,-1.61814,0.0338003
16,-1.09377,0.0491331,-0.0802623,-1.81075,0.275588
17,-1.02427,0.0982176,-0.194172,-1.78613,0.251254
18,-1.20697,0.141691,-0.157421,-1.5226,0.142641
19,-0.0964845,0.0974066,-0.0764778,-1.51231,-0.0128974
20,1.16985,0.11065,-0.0751273,-1.6989,-0.0165544
21,0.84087,0.0823438,-0.0867551,-1.51143,0.202711
22,-0.17267,0.126732,-0.114388,-1.77806,0.123356
23,1.60318,0.0360955,-0.128803,-1.54524,0.00709408
24,-0.180582,0.0668681,-0.0918142,-1.8679,-0.0709509
25,-0.575903,0.103148,-0.128216,-1.60582,-0.141704
26,-0.56095,0.164634,-0.127729,-1.52262,0.0974065
27,0.379315,0.141992,-0.0685593,-1.65779,-0.0711177
28,1.48811,0.161647,-0.0750262,-1.92162,-0.0236312
29,1.59962,0.0739329,-0.0697214,-1.86089,-0.166909
30,1.28022,0.171994,-0.20164,-1.65003,0.0677512
31,1.09305,0.146242,-0.0877222,-1.69848,0.196039
32,-0.334004,0.133147,-0.0904902,-1.69479,0.016293
33,0.0296169,0.143222,-0.180165,-1.64055,0.0990951
34,0.0785864,0.0758692,-0.152677,-1.7518,0.146067
35,0.542275,0.141523,-0.101959,-1.7839,-0.0876234
36,1.29738,0.131955,-0.189398,-1.75155,-0.148128
37,0.96308,0.0520638,-0.0720933,-1.65195,-0.206289
38,1.04236,0.16703,-0.148696,-1.77695,0.138097
39,0.955355,0.0708173,-0.12642,-1.61338,0.270127
40,0.034526,0.102236,-0.154454,-1.56532,-0.189283
41,-0.149803,0.0512539,-0.113583,-1.56679,-0.0954674
42,0.031357,0.155985,-0.109963,-1.76122,0.291376
43,-0.354007,0.074951,-0.125716,-1.5455,-0.0939116
44,-0.327483,0.0812089,-0.0865769,-1.78433,-0.16986
45,0.061577,0.0574757,-0.185211,-1.91365,0.0644949
46,1.31299,0.0818381,-0.0720654,-1.82953,-0.0249456
47,1.6447,0.0250287,-0.205867,-1.72,-0.176509
48,1.25866,0.175108,-0.146102,-1.7549,0.198642
49,-1.90436,0.117913,-0.142951,-1.56931,0.207695
50,-1.92568,0.0426442,-0.176742,-1.60048,0.256514
51,-1.95983,0.0275615,-0.20514,-1.89287,0.274014
52,-1.60259,0.111496,-0.0854287,-1.77128,0.102656
53,-0.911851,0.167326,-0.102311,-1.5995,-0.10308
54,-1.89023,0.138982,-0.0924031,-1.90523,0.0967649
55,-0.658552,0.0368203,-0.16907,-1.79547,0.0622637
56,-0.941811,0.0370515,-0.0709542,-1.88905,-0.20321
57,-0.962122,0.156148,-0.105829,-1.86334,0.047247
58,0.777901,0.165525,-0.138669,-1.86405,-0.157055
59,-1.22723,0.0721235,-0.10856,-1.81981,-0.0344907
60,1.30555,0.153669,-0.0928653,-1.60376,0.253549
61,1.08267,0.135405,-0.0929174,-1.612,-0.126148
62,-1.03416,0.140533,-0.140292,-1.62421,-0.0695379
63,-1.83253,0.0889947,-0.181679,-1.63879,-0.139089
64,-1.39086,0.118901,-0.0926586,-1.62627,-0.173546
65,1.05166,0.0607935,-0.0791226,-1.90666,0.0591053
66,-1.22783,0.0718012,-0.142382,-1.88158,0.00658765
67,1.85851,0.17608,-0.184357,-1.52152,0.275198
68,1.7045,0.116417,-0.0680276,-1.85057,0.175556
69,-1.0464,0.0230085,-0.187882,-1.56015,-0.137253
70,-0.903102,0.17176,-0.0963502,-1.71845,0.101863
71,1.87446,0.0831162,-0.130603,-1.52444,0.108079
72,-1.11118,0.17597,-0.198473,-1.52026,0.111254
73,1.15819,0.161282,-0.191165,-1.82311,-0.162665
74,0.547238,0.0904997,-0.203591,-1.71662,-0.0256742
75,0.635495,0.142681,-0.172514,-1.65379,0.0129721
76,1.52724,0.0499078,-0.191996,-1.92267,0.180459
77,-0.675201,0.092266,-0.0907046,-1.87927,0.135188
78,-0.87006,0.176258,-0.139091,-1.84697,-0.189929
79,1.497,0.1426,-0.17028,-1.82552,0.0829304
80,-0.731303,0.163314,-0.0899389,-1.83122,-0.175076
81,-1.81031,0.132925,-0.0615199,-1.6717,0.287366
82,0.634006,0.156828,-0.178526,-1.89698,0.267788
83,-1.41518,0.155588,-0.151142,-1.90238,0.0991246
84,0.762481,0.144384,-0.17075,-1.60843,-0.179152
85,1.59646,0.0226233,-0.195115,-1.83582,0.0733649
86,1.99448,0.0811202,-0.0830598,-1.82018,0.101755
87,1.89532,0.0959734,-0.0704569,-1.60972,-0.155506
88,0.0635069,0.0993444,-0.196766,-1.53849,-0.122989
89,0.732953,0.0583674,-0.0741419,-1.79249,0.273301
90,1.66849,0.101825,-0.133298,-1.50654,0.175678
91,-0.492144,0.0788363,-0.198251,-1.91655,0.264395
92,0.124562,0.152375,-0.075333,-1.69686,-0.105557
93,0.584465,0.0311626,-0.141115,-1.72369,-0.0118536
94,-0.901479,0.162684,-0.0907172,-1.60039,-0.0355816
95,1.76876,0.0307385,-0.137869,-1.53106,0.171994
96,-0.123544,0.0259757,-0.209119,-1.5378,0.113868
97,0.609514,0.150827,-0.176788,-1.5262,0.0141402
98,0.270837,0.0384082,-0.192337,-1.59827,-0.0641935
99,1.62925,0.0664264,-0.163506,-1.82958,-0.170906
0,2.04041,0.0997385,-0.091031,-1.82627,0.234557
1,-0.39399,0.132122,-0.195482,-1.73099,-0.14273
2,1.70271,0.136739,-0.117135,-1.91183,-0.185601
3,-0.576984,0.111573,-0.194014,-1.83155,0.121297
4,0.315208,0.124191,-0.0926818,-1.67309,0.124216
5,-1.93999,0.131508,-0.130648,-1.57306,0.159398
6,1.84492,0.13312,-0.159386,-1.65419,-0.204169
7,0.880964,0.0865357,-0.0857805,-1.86716,0.00743876
8,2.08525,0.174586,-0.1928,-1.67529,0.243928
9,0.755435,0.0531019,-0.157694,-1.65137,0.165536
10,-0.215383,0.134813,-0.102857,-1.71482,-0.0548286
11,1.6949,0.170504,-0.187012,-1.59716,-0.11214
12,-0.465342,0.0986509,-0.162512,-1.84857,0.267827
13,-1.14019,0.0699508,-0.149027,-1.83882,0.0951388
14,0.478654,0.0955151,-0.154685,-1.81092,0.299769
15,-1.43129,0.148936,-0.115358,-1.64796,-0.0311477
16,-1.20469,0.0736927,-0.120579,-1.81705,-0.197611
17,-0.376419,0.092971,-0.207449,-1.57192,-0.0249667
18,-1.72186,0.0745664,-0.085687,-1.84887,0.32711
19,-2.01646,0.104965,-0.0797048,-1.69471,0.300392
20,-1.80913,0.0843239,-0.133264,-1.88142,0.238854
21,-2.06168,0.0798426,-0.157037,-1.61198,-0.102824
22,0.731684,0.109284,-0.200718,-1.57561,-0.0863218
23,-0.521582,0.0753811,-0.155901,-1.63375,-0.0576997
24,1.67449,0.145004,-0.157618,-1.6136,0.199672
25,-1.87184,0.135657,-0.131222,-1.50936,0.304297
26,1.9511,0.174213,-0.172486,-1.57757,0.0170273
27,-0.390884,0.0619762,-0.174863,-1.56527,0.289373
28,-1.27381,0.145707,-0.195267,-1.73325,0.337005
29,2.08537,0.173318,-0.162216,-1.51852,0.335132
30,0.530964,0.047023,-0.093317,-1.85529,-0.15226
31,-1.22193,0.0573397,-0.103294,-1.64563,0.26106
32,-1.97649,0.0451924,-0.157988,-1.67345,0.21846
33,-0.818703,0.0419741,-0.132876,-1.77262,0.113349
34,-0.139055,0.105669,-0.164805,-1.64498,0.284955
35,1.59483,0.0418328,-0.141555,-1.62261,-0.0170554
36,-1.42347,0.141902,-0.146503,-1.59352,0.281358
37,-0.992774,0.173864,-0.131357,-1.64177,0.333522
38,0.0317413,0.0650742,-0.100174,-1.84635,-0.0848409
39,0.210793,0.112264,-0.139898,-1.82154,-0.125347
40,-1.98853,0.137204,-0.20179,-1.84904,0.0982947
41,-0.614944,0.0571247,-0.0883719,-1.89629,-0.0480149
42,0.438394,0.139869,-0.133663,-1.63808,-0.0517576
43,-0.422789,0.0709551,-0.0733884,-1.50742,-0.0807513
44,-0.898856,0.0243558,-0.0788057,-1.87026,-0.133249
45,-1.72888,0.0714471,-0.176303,-1.80087,-0.0372928
46,0.615776,0.0458892,-0.199446,-1.53146,-0.0101416
47,-0.544002,0.0404675,-0.095358,-1.63715,0.0866287
48,-0.996358,0.0813584,-0.186297,-1.57907,0.109208
49,-1.05513,0.0951316,-0.165934,-1.89795,-0.0572919
50,-1.33486,0.0482122,-0.162592,-1.77534,0.249786
51,-1.80232,0.16795,-0.125874,-1.64117,-0.0906122
52,1.9169,0.152698,-0.137779,-1.77352,-0.160426
53,0.764157,0.0492119,-0.183679,-1.72263,0.282304
54,1.53842,0.0803725,-0.0603943,-1.54175,0.0443337
55,1.95945,0.0778134,-0.203466,-1.64416,-0.0911105
56,-1.63227,0.0818053,-0.20153,-1.52729,0.0528793
57,1.03805,0.132375,-0.156172,-1.51467,0.0520042
58,0.165844,0.16869,-0.156995,-1.86801,-0.199324
59,1.72479,0.0913448,-0.16414,-1.79549,-0.119563
60,-0.866388,0.0881993,-0.2074,-1.80001,-0.179141
61,0.220516,0.0293006,-0.0816516,-1.83272,-0.109893
62,2.00673,0.135738,-0.141432,-1.78827,0.225872
63,-0.67974,0.0871276,-0.12718,-1.71683,-0.0964421
64,0.00619691,0.0967926,-0.101242,-1.81378,0.0544813
65,0.129732,0.133895,-0.173397,-1.82092,0.150723
66,-1.28834,0.0565416,-0.0785411,-1.59145,0.261938
67,0.726342,0.0417332,-0.160046,-1.56669,-0.0717129
68,-1.53291,0.125904,-0.0993446,-1.91663,-0.0465572
69,-1.39712,0.112564,-0.0827482,-1.65778,0.139861
70,-1.77475,0.166207,-0.0840703,-1.65452,0.203703
71,0.399323,0.0765334,-0.169799,-1.58603,0.0527842
72,0.290137,0.0404896,-0.171901,-1.78078,0.0554988
73,-1.00605,0.0772733,-0.10521,-1.87232,-0.145207
74,1.23576,0.096199,-0.102717,-1.69772,0.107056
75,-0.191868,0.166725,-0.129724,-1.85192,0.324071
76,-1.00377,0.13744,-0.155991,-1.57843,0.0495368
77,0.515606,0.0365047,-0.198254,-1.53475,0.206661
78,0.94505,0.0767632,-0.0699283,-1.63593,0.174129
79,0.676994,0.149982,-0.100018,-1.68605,-0.0219828
80,1.41216,0.159317,-0.111768,-1.82184,-0.0271508
81,0.682282,0.0619038,-0.1348,-1.62552,0.141575
82,-1.88141,0.0670263,-0.12384,-1.80272,-0.131269
83,1.80419,0.0389996,-0.104198,-1.78577,-0.00386222
84,0.545303,0.11397,-0.0573012,-1.52217,0.0326817
85,0.503215,0.141747,-0.100504,-1.84271,0.166174
86,-1.26355,0.106274,-0.154943,-1.77222,0.0512724
87,-0.329298,0.123575,-0.136258,-1.68313,-0.0977315
88,-0.893518,0.133391,-0.19642,-1.71987,-0.0179273
89,-1.93948,0.0658585,-0.112646,-1.88013,-0.131467
90,-0.384665,0.0740247,-0.124346,-1.6702,0.185068
91,-2.038,0.0499737,-0.176728,-1.75783,0.0522212
92,0.489365,0.0759547,-0.194149,-1.71559,0.140414
93,-0.261245,0.0436311,-0.206518,-1.56858,0.00333809
94,0.521469,0.151056,-0.115882,-1.79745,0.169923
95,0.81012,0.12514,-0.109871,-1.63178,0.0706751
96,1.15565,0.171757,-0.109096,-1.86609,0.200144
97,0.664641,0.059318,-0.148236,-1.70929,0.0403342
98,-1.54384,0.118251,-0.166161,-1.65966,0.121114
99,1.17508,0.126542,-0.207208,-1.55495,0.036761
0,-0.0165006,0.0931168,-0.198477,-1.91329,0.200421
1,-2.00988,0.122675,-0.169221,-1.85775,0.0687925
2,-1.08786,0.109496,-0.0901924,-1.89347,-0.0784479
3,-0.859091,0.122935,-0.185543,-1.78113,0.292122
4,-0.719154,0.0331736,-0.0657297,-1.85482,-0.0244596
5,0.483819,0.154331,-0.135607,-1.5651,-0.118891
6,1.57854,0.144708,-0.204064,-1.78555,-0.198277
7,1.99575,0.0461169,-0.0786141,-1.55869,-0.0363044
8,-0.689605,0.137167,-0.146857,-1.6571,0.222572
9,-0.531213,0.0226525,-0.15011,-1.82618,0.216067
10,-1.46708,0.0517376,-0.0566199,-1.59335,-0.113496
11,-0.270421,0.134591,-0.109097,-1.82207,-0.0893957
12,0.364697,0.167879,-0.0577783,-1.51993,-0.0455824
13,0.0243699,0.0986721,-0.116108,-1.69541,-0.0448983
14,-1.15882,0.0804776,-0.131544,-1.5219,0.335341
15,-1.59907,0.0966017,-0.158192,-1.88035,0.169006
16,-0.4097,0.137813,-0.0640712,-1.61512,-0.0948933
17,0.574273,0.0592864,-0.0885783,-1.75043,-0.168937
18,0.713752,0.153977,-0.20685,-1.87192,0.00796934
19,0.341713,0.0481336,-0.0776071,-1.56278,-0.0661608
20,0.23085,0.123028,-0.0760263,-1.54354,0.32726
21,-0.691779,0.0562766,-0.112477,-1.82067,0.0734766
22,1.45848,0.154122,-0.182487,-1.76097,-0.00592035
23,-0.643998,0.125721,-0.170395,-1.74488,0.0325698
24,1.03172,0.0954543,-0.140441,-1.80755,-0.0476332
25,1.48098,0.118254,-0.194742,-1.72888,0.129787
26,1.13125,0.125706,-0.0922069,-1.83626,0.330554
27,1.17135,0.145264,-0.124193,-1.70759,-0.140221
28,1.07605,0.12384,-0.184465,-1.67088,0.233412
29,-1.65527,0.126924,-0.0685095,-1.83533,0.279991
30,0.834056,0.111096,-0.145475,-1.62833,0.0575909
31,-0.17674,0.0386759,-0.127607,-1.72155,0.000193269
32,0.907626,0.174207,-0.185866,-1.5745,-0.137102
33,1.29956,0.0796501,-0.197357,-1.76324,0.243485
34,1.22891,0.149615,-0.15571,-1.72239,0.0735469
35,-1.21225,0.0794217,-0.160229,-1.89485,0.137332
36,1.73268,0.148266,-0.0907357,-1.70613,0.294255
37,1.81438,0.0236705,-0.154833,-1.77588,0.220924
38,-0.808421,0.0715564,-0.186014,-1.82203,-0.102405
39,0.137101,0.133291,-0.120218,-1.8615,-0.0206754
40,-1.69759,0.0384111,-0.13003,-1.8642,-0.0209108
41,0.0299054,0.0728237,-0.153573,-1.55716,-0.125978
42,0.696225,0.0572807,-0.108839,-1.53792,0.334007
43,1.8763,0.0447804,-0.100437,-1.81318,-0.197563
44,1.42744,0.0276483,-0.139052,-1.79869,0.339437
45,0.0927848,0.141721,-0.0800433,-1.83153,0.0553092
46,0.422622,0.0701043,-0.083069,-1.82823,0.276986
47,-0.354224,0.113804,-0.102174,-1.65499,0.141183
48,-1.11466,0.129952,-0.0588089,-1.82094,-0.113401
49,-0.0858205,0.101562,-0.0960064,-1.7449,-0.108093
50,-0.686448,0.0457231,-0.205762,-1.85032,-0.0263226
51,-1.84545,0.0414131,-0.200173,-1.91518,-0.0480888
52,-1.26714,0.095786,-0.104713,-1.81681,0.197459
53,0.177172,0.0643133,-0.134792,-1.86,-0.0115771
54,1.43634,0.0442673,-0.0798079,-1.8923,-0.00374719
55,-0.710135,0.0463423,-0.175175,-1.62251,0.0856487
56,-1.81981,0.0463791,-0.20663,-1.65275,0.192982
57,1.67771,0.114802,-0.127367,-1.54074,0.043319
58,-0.0124415,0.0254993,-0.0637475,-1.59636,0.184636
59,-1.41708,0.0534592,-0.194622,-1.74625,0.118759
60,1.42732,0.159251,-0.0833463,-1.86752,-0.145952
61,0.0421418,0.156841,-0.137298,-1.79847,-0.106313
62,-1.46459,0.0341055,-0.097662,-1.51416,0.078636
63,0.603053,0.0871304,-0.0758046,-1.86679,0.0205213
64,-1.53837,0.162128,-0.0926832,-1.6535,-0.104482
65,1.34816,0.0591199,-0.167773,-1.78519,-0.0943652
66,-0.358677,0.169605,-0.0968046,-1.7789,-0.0495415
67,0.509952,0.0349708,-0.105167,-1.55829,0.305851
68,-1.27363,0.0822282,-0.109601,-1.86936,0.209193
69,0.427618,0.152967,-0.071161,-1.87254,-0.161129
70,-1.13735,0.13729,-0.177015,-1.68114,0.292436
71,-0.713128,0.110791,-0.165013,-1.89719,-0.041071
72,0.862682,0.0898216,-0.0937564,-1.82569,0.0712417
73,0.480119,0.047837,-0.155251,-1.61478,0.100837
74,1.12187,0.0689187,-0.194016,-1.83789,0.127657
75,-1.65534,0.100663,-0.119043,-1.68555,0.143673
76,1.10498,0.157125,-0.0799846,-1.57444,0.225065
77,-0.0766658,0.173948,-0.171235,-1.85843,0.143531
78,1.34955,0.139712,-0.112587,-1.81773,0.295082
79,-1.90364,0.0356718,-0.171371,-1.62458,0.21694
80,1.81896,0.0439153,-0.130986,-1.76591,0.273141
81,-0.78607,0.0707194,-0.135453,-1.64734,-0.0959356
82,-0.332643,0.11815,-0.100667,-1.79889,0.0383677
83,-0.455446,0.028135,-0.187083,-1.6667,-0.171496
84,-1.01733,0.156129,-0.0818587,-1.76554,0.0975728
85,1.2781,0.145722,-0.05944,-1.54214,0.263754
86,1.59878,0.0782036,-0.19643,-1.51349,0.189941
87,-1.05432,0.14337,-0.200549,-1.62067,0.14619
88,0.100686,0.131097,-0.124442,-1.92152,-0.17755
89,0.448791,0.034227,-0.108327,-1.83453,-0.0266599
90,1.98736,0.0757239,-0.0789864,-1.87642,-0.176607
91,0.624261,0.0469164,-0.146267,-1.5985,-0.0339993
92,0.968306,0.152561,-0.152898,-1.87463,0.184337
93,0.206658,0.0998971,-0.115803,-1.63152,-0.186581
94,-0.67987,0.0984482,-0.164373,-1.81975,0.0691131
95,0.396215,0.123669,-0.0860909,-1.5322,-0.137424
96,-0.698941,0.0333355,-0.19278,-1.80314,0.226428
97,-1.59499,0.153171,-0.195326,-1.76561,0.126018
98,0.206205,0.101121,-0.0995901,-1.78577,0.00581781
99,-0.263954,0.0613771,-0.14427,-1.80465,0.239204
0,-1.49644,0.156707,-0.127124,-1.79166,-0.180544
1,1.00673,0.101335,-0.121419,-1.61931,0.318375
2,-0.108213,0.080073,-0.0762933,-1.77248,0.234792
3,-0.267192,0.0856117,-0.201165,-1.8519,-0.113609
4,0.866828,0.172293,-0.154893,-1.81318,-0.0405315
5,0.418068,0.0528678,-0.0870015,-1.87919,0.0773345
6,-0.27466,0.0908879,-0.178821,-1.70836,0.0705735
7,-1.99832,0.155683,-0.0712533,-1.80306,-0.160212
8,1.46144,0.0379688,-0.196313,-1.56145,0.0658298
9,-1.14006,0.0744167,-0.201159,-1.83693,0.189469
10,-0.783917,0.0452769,-0.0574716,-1.53739,-0.0296016
11,1.80922,0.0923217,-0.0780253,-1.78684,0.173044
12,-1.3829,0.132066,-0.179752,-1.7408,0.265759
13,-0.269673,0.173888,-0.170836,-1.76577,-0.0161923
14,1.37137,0.0513026,-0.162271,-1.51631,-0.171489
15,2.07106,0.164836,-0.0800885,-1.50828,-0.121679
16,-0.905358,0.0882264,-0.189759,-1.65154,-0.0030312
17,-1.6108,0.0868911,-0.177431,-1.50976,0.127954
18,-0.572814,0.149352,-0.120369,-1.88457,-0.101241
19,0.769134,0.112627,-0.108743,-1.67401,-0.0699255
20,-1.18611,0.0655883,-0.0815621,-1.7467,0.194185
21,0.290582,0.0781134,-0.0784698,-1.60508,0.204354
22,0.56495,0.162193,-0.0905044,-1.88764,0.0979143
23,0.781903,0.0438393,-0.181549,-1.84615,-0.0723116
24,-1.23921,0.0964289,-0.091402,-1.65853,0.0980682
25,-2.07097,0.0700146,-0.177217,-1.66841,0.102187
26,0.695109,0.055352,-0.121978,-1.90222,-0.0146262
27,-0.372256,0.145794,-0.0560689,-1.53129,0.255213
28,-0.751355,0.0708048,-0.149079,-1.72833,0.189045
29,-0.660948,0.025906,-0.140906,-1.79017,-0.0522298
30,2.03892,0.167873,-0.20019,-1.70112,-0.176547
31,-0.19818,0.0720839,-0.191038,-1.69726,0.327605
32,0.823119,0.151082,-0.077948,-1.83345,-0.141356
33,-0.151357,0.134769,-0.187169,-1.71573,0.21745
34,-0.613505,0.0947315,-0.19253,-1.61443,-0.134965
35,1.21144,0.0693464,-0.171279,-1.72628,0.078605
36,0.196475,0.14707,-0.202498,-1.83508,0.136009
37,1.29286,0.172232,-0.103874,-1.82178,0.244869
38,0.2131,0.0922141,-0.18657,-1.6657,-0.1962
39,-1.7731,0.0701771,-0.0946328,-1.72304,-0.00368539
40,0.41739,0.0435975,-0.0873247,-1.69421,0.194962
41,0.414584,0.173585,-0.121801,-1.86979,0.199615
42,1.89831,0.0483848,-0.208046,-1.61911,0.0623042
43,1.75629,0.107709,-0.167355,-1.7735,-0.168437
44,0.0748934,0.0823738,-0.151479,-1.8793,-0.072339
45,-0.250558,0.0783257,-0.177065,-1.80746,0.0154127
46,0.506245,0.140868,-0.0949563,-1.64728,-0.0656744
47,-1.33765,0.147278,-0.174087,-1.8747,0.317076
48,-1.79388,0.119816,-0.175796,-1.60242,-0.173199
49,0.218099,0.0903084,-0.0725977,-1.66033,0.299835
50,0.362391,0.0544923,-0.116087,-1.74349,0.121297
51,1.27345,0.0476169,-0.080018,-1.63054,0.29422
52,-0.709143,0.123102,-0.0742509,-1.86002,0.329755
53,1.76147,0.137637,-0.198148,-1.764,-0.0856116
54,1.80329,0.121317,-0.151177,-1.76682,0.284996
55,-2.04743,0.129787,-0.201338,-1.58134,0.195728
56,-1.65227,0.150076,-0.206648,-1.81639,0.248302
57,-0.754174,0.111957,-0.0739444,-1.90672,0.0677244
58,0.640055,0.170943,-0.101847,-1.62416,0.146387
59,-1.38232,0.158521,-0.0980129,-1.63641,-0.112957
60,-0.891353,0.116995,-0.077345,-1.66386,0.280919
61,-0.491849,0.170514,-0.0984109,-1.8002,0.189985
62,0.415477,0.110602,-0.115501,-1.89549,0.303976
63,1.27007,0.0682144,-0.190693,-1.8026,-0.10985
64,1.10991,0.105678,-0.14154,-1.89362,-0.0813672
65,-1.12687,0.144984,-0.13615,-1.6606,0.2038
66,1.49576,0.056765,-0.139501,-1.83014,-0.0485359
67,0.766742,0.0852051,-0.132535,-1.67026,-0.161751
68,-0.618431,0.0756592,-0.148566,-1.87875,0.172224
69,-0.247573,0.172922,-0.143001,-1.89392,0.239628
70,-1.51821,0.137474,-0.0850629,-1.63028,0.275974
71,0.885738,0.170076,-0.0819244,-1.82992,0.298718
72,1.31971,0.0741215,-0.0901797,-1.70952,-0.0592176
73,0.464499,0.170453,-0.185235,-1.73862,-0.117329
74,-0.636318,0.12366,-0.124454,-1.7417,0.0234197
75,-0.593539,0.143745,-0.158978,-1.68967,0.0100455
76,0.241687,0.147854,-0.157759,-1.80379,-0.108843
77,-0.369737,0.0422607,-0.130498,-1.6582,-0.0494938
78,1.70464,0.130215,-0.175756,-1.68948,0.200858
79,0.141301,0.175031,-0.13564,-1.73707,0.0177549
80,-1.72032,0.0349956,-0.148301,-1.85692,0.102671
81,0.654896,0.0415658,-0.116406,-1.78278,-0.115873
82,0.534398,0.0263201,-0.195389,-1.75117,-0.0244467
83,-0.195936,0.0635699,-0.176223,-1.73734,0.315663
84,0.25277,0.0234824,-0.110221,-1.66824,-0.0896395
85,-0.991753,0.0878085,-0.101535,-1.89051,0.168138
86,0.64412,0.0328507,-0.175917,-1.82067,-0.194784
87,-0.0312363,0.0406807,-0.146112,-1.61853,0.326992
88,1.96814,0.06984,-0.0776001,-1.69816,0.0609
89,-1.07709,0.0692114,-0.163328,-1.739,0.0591542
90,-1.31032,0.130204,-0.0574668,-1.60294,0.245694
91,0.972577,0.0902997,-0.0759671,-1.53306,0.155956
92,-0.608005,0.174019,-0.113094,-1.73865,0.0640486
93,0.761079,0.108516,-0.0758049,-1.77791,-0.0780149
94,1.31338,0.12056,-0.182352,-1.70144,0.0501291
95,1.97824,0.0771953,-0.128664,-1.59425,0.115142
96,-0.0502804,0.0285654,-0.172003,-1.62551,0.195718
97,0.74895,0.163541,-0.101399,-1.75757,0.267998
98,1.52823,0.0297189,-0.164781,-1.70519,0.304176
99,0.746943,0.0328803,-0.0962779,-1.53142,-0.196427
0,-1.16118,0.0451026,-0.168698,-1.73581,-0.00744116
1,1.70735,0.129779,-0.0820177,-1.83028,-0.0522813
2,1.94841,0.0912862,-0.158559,-1.90393,0.241986
3,1.83263,0.161447,-0.204672,-1.83078,-0.178163
4,1.7196,0.112842,-0.0686216,-1.8256,0.132829
5,-0.0525971,0.0413654,-0.151392,-1.82346,0.176
6,-0.574635,0.16402,-0.0997929,-1.8346,0.178272
7,-1.68317,0.116851,-0.0824899,-1.78331,-0.00918005
8,-0.0100067,0.100031,-0.141898,-1.7762,0.0969627
9,-1.01001,0.0725386,-0.136399,-1.61791,-0.0746995
10,-0.0472055,0.1487,-0.194533,-1.65141,-0.122376
11,-0.78531,0.122669,-0.139643,-1.68319,0.072267
12,1.18171,0.174009,-0.0654415,-1.74621,0.164362
13,1.20218,0.131561,-0.210278,-1.7829,0.217256
14,-1.19432,0.123234,-0.142853,-1.62282,-0.0907068
15,-1.84911,0.131859,-0.113013,-1.81279,0.100109
16,0.947623,0.047143,-0.0848982,-1.61045,0.0883377
17,0.710778,0.115001,-0.134346,-1.53572,-0.173379
18,1.22823,0.135443,-0.0714289,-1.82406,0.185774
19,-0.289781,0.160122,-0.182917,-1.54756,0.0832319
20,1.9398,0.0817385,-0.0762549,-1.6078,0.14183
21,-1.49367,0.120713,-0.167633,-1.77614,-0.140584
22,-0.0437607,0.0308162,-0.113095,-1.73535,-0.196474
23,-1.79315,0.0843139,-0.107082,-1.66291,0.0165676
24,-0.6686,0.131382,-0.172213,-1.79561,0.285023
25,0.231949,0.03504,-0.126701,-1.70352,-0.0847934
26,1.89734,0.113041,-0.0732239,-1.67196,0.0348511
27,1.80117,0.139966,-0.172995,-1.60669,0.220317
28,-1.67796,0.103298,-0.0775113,-1.76287,-0.157623
29,0.325284,0.0804377,-0.0594669,-1.57358,-0.192669
30,-0.0993766,0.0912647,-0.0945216,-1.82626,0.0496149
31,-0.805973,0.175852,-0.127629,-1.54749,-0.106444
32,1.38915,0.151453,-0.113811,-1.92297,-0.0257364
33,-0.199904,0.0618251,-0.0727148,-1.85306,-0.128613
34,-1.92449,0.155951,-0.140438,-1.58423,-0.0863091
35,0.969509,0.0321854,-0.0872265,-1.73027,0.0905334
36,0.880846,0.147286,-0.198841,-1.77581,0.0251723
37,-1.67171,0.0259486,-0.146235,-1.79423,0.13621
38,1.88595,0.125798,-0.189673,-1.66005,0.136183
39,0.52935,0.111849,-0.180748,-1.54421,0.298771
40,-1.97747,0.14132,-0.106224,-1.88603,0.316885
41,1.14527,0.113349,-0.116107,-1.75557,-0.097485
42,-1.46392,0.0353335,-0.0637,-1.56559,-0.0524663
43,-0.192303,0.157789,-0.159182,-1.76724,0.0559038
44,-1.11223,0.101436,-0.0865694,-1.85175,0.152518
45,0.475538,0.0225874,-0.125921,-1.89668,0.197427
46,1.35949,0.0981903,-0.0774866,-1.8304,-0.167507
47,1.40841,0.0531455,-0.0761031,-1.69127,0.145076
48,1.59958,0.0900159,-0.153458,-1.87706,-0.178823
49,-0.629795,0.108927,-0.128207,-1.83997,0.0727106
50,-0.498013,0.153624,-0.131843,-1.72137,0.063118
51,0.132075,0.151593,-0.0590922,-1.88167,0.23482
52,0.665741,0.174719,-0.19124,-1.76648,0.150224
53,1.79896,0.171442,-0.15106,-1.86626,0.200128
54,-0.88317,0.140216,-0.177629,-1.75178,0.0389416
55,-1.6924,0.0615552,-0.206466,-1.65506,0.185631
56,-2.04582,0.0387583,-0.125824,-1.79663,0.0381403
57,1.18433,0.0944218,-0.106668,-1.60072,0.0498417
58,0.189018,0.107092,-0.0665912,-1.51478,-0.000959462
59,-1.5599,0.0462528,-0.167468,-1.74724,-0.154907
60,0.637865,0.172198,-0.1471,-1.68221,0.0741653
61,-1.85664,0.0794335,-0.189983,-1.72473,0.161168
62,-1.11392,0.176849,-0.208225,-1.68087,0.310933
63,-0.236947,0.0827274,-0.11127,-1.71922,0.33491
64,1.33028,0.120743,-0.140467,-1.58971,-0.0804222
65,1.94004,0.165486,-0.0567562,-1.6641,0.00852371
66,-0.110958,0.0272185,-0.151925,-1.84041,0.194812
67,-0.947641,0.0298968,-0.103463,-1.56984,0.309447
68,-0.319136,0.12221,-0.201805,-1.54699,0.00785411
69,-0.222862,0.0479189,-0.186058,-1.81108,-0.167187
70,-0.549749,0.0508563,-0.198034,-1.73668,-0.0186175
71,1.47855,0.154667,-0.141149,-1.6332,0.330185
72,-1.65745,0.132422,-0.13765,-1.62354,-0.134746
73,-1.91344,0.138293,-0.129103,-1.87927,0.188616
74,-1.65447,0.0595006,-0.150577,-1.58895,-0.0627227
75,-1.61974,0.0881246,-0.205271,-1.78738,0.0955648
76,-0.996667,0.148418,-0.073764,-1.81762,0.324279
77,-0.730134,0.0761311,-0.100816,-1.63859,-0.193269
78,1.91876,0.0345009,-0.0875071,-1.90136,-0.145875
79,1.98361,0.0929142,-0.109408,-1.59189,0.103386
80,1.06475,0.0700847,-0.0590998,-1.51017,0.276858
81,-1.96274,0.137034,-0.18998,-1.52769,0.0998965
82,-1.20428,0.122984,-0.183633,-1.76124,0.118355
83,-1.21593,0.172766,-0.0943173,-1.83847,0.0497767
84,0.322233,0.04396,-0.17096,-1.50754,-0.166908
85,2.0354,0.056408,-0.132216,-1.65508,-0.0176252
86,0.837059,0.106426,-0.151075,-1.52554,-0.156622
87,1.85037,0.162647,-0.134066,-1.86913,0.0426052
88,1.18735,0.0327545,-0.201424,-1.82426,0.247763
89,-1.52536,0.0758989,-0.117065,-1.86681,0.313771
90,1.53858,0.0816763,-0.106523,-1.55132,0.211208
91,1.18091,0.0770772,-0.204606,-1.78194,0.118167
92,-0.845192,0.142433,-0.204668,-1.66701,0.184349
93,0.393162,0.143925,-0.189636,-1.60209,0.286381
94,-2.06627,0.0438473,-0.157355,-1.90113,-0.0773836
95,1.5528,0.172532,-0.105309,-1.762,-0.206085
96,-1.55786,0.104763,-0.147645,-1.56773,0.334737
97,-1.3768,0.0570599,-0.0892431,-1.55907,0.0808999
98,1.59561,0.163569,-0.115028,-1.72693,-0.166784
99,-1.51154,0.135948,-0.121482,-1.76253,-0.0517139
0,0.331226,0.0819673,-0.094304,-1.83359,0.204053
1,0.207176,0.167939,-0.0721473,-1.70344,-0.132732
2,-1.27963,0.0370063,-0.15386,-1.78828,-0.0553708
3,-1.95461,0.121051,-0.179856,-1.65068,-0.15783
4,1.51646,0.083174,-0.131848,-1.86906,0.26144
5,-0.146043,0.132512,-0.108641,-1.56144,-0.134921
6,0.237522,0.0621407,-0.18177,-1.56696,-0.0384298
7,-1.97403,0.0291445,-0.191538,-1.70027,-0.128399
8,0.773716,0.0757775,-0.151539,-1.55237,0.122483
9,0.127714,0.105232,-0.069174,-1.77766,-0.0397803
10,-1.23615,0.0786674,-0.108537,-1.75074,0.0990346
11,0.888621,0.0663594,-0.204825,-1.58948,0.234046
12,-0.573322,0.11305,-0.187327,-1.80107,-0.125176
13,0.105505,0.0472216,-0.200505,-1.81932,-0.0489056
14,-0.00121569,0.0607092,-0.162544,-1.75134,0.0469395
15,-1.4518,0.148844,-0.165363,-1.65896,0.293425
16,-1.39332,0.0419213,-0.194189,-1.68767,0.294154
17,-0.619559,0.13413,-0.174623,-1.69399,-0.0783734
18,2.05731,0.033424,-0.110252,-1.8269,-0.0350671
19,0.614695,0.0746572,-0.0988169,-1.53822,0.216152
20,-0.342415,0.17465,-0.128678,-1.61806,-0.130282
21,-0.792089,0.0674606,-0.118234,-1.63676,-0.0736392
22,0.668679,0.0283217,-0.144058,-1.81962,0.0768741
23,-2.00013,0.0489648,-0.158032,-1.73529,0.0324721
24,0.0792817,0.153541,-0.174176,-1.77204,0.166976
25,1.49524,0.156663,-0.149471,-1.55864,0.185025
26,-0.133397,0.135174,-0.117268,-1.84004,-0.173976
27,1.94596,0.0251154,-0.202723,-1.57127,-0.0349905
28,-0.800127,0.169775,-0.122703,-1.84566,0.198937
29,-2.04616,0.166469,-0.0885183,-1.63654,-0.0695882
30,0.576829,0.0768348,-0.121399,-1.64092,0.186811
31,-1.99259,0.155452,-0.0951774,-1.53524,0.32368
32,1.65652,0.0975201,-0.133601,-1.80906,-0.12721
33,-1.47446,0.148183,-0.0859908,-1.56925,0.308971
34,1.30208,0.172604,-0.0784713,-1.59233,-0.0987106
35,1.02023,0.154983,-0.0858252,-1.75706,0.214651
36,1.7585,0.0388036,-0.125028,-1.68015,0.294725
37,-2.03443,0.0265453,-0.200469,-1.82099,0.127059
38,1.40895,0.164364,-0.164837,-1.50774,0.025886
39,2.02802,0.120792,-0.102281,-1.73409,0.201839
40,0.985555,0.113847,-0.134673,-1.80499,0.179896
41,0.735144,0.143102,-0.066372,-1.8412,-0.0486023
42,-0.594967,0.0471023,-0.155571,-1.72771,-0.181449
43,-0.717664,0.103657,-0.133804,-1.87297,-0.057637
44,1.78407,0.158649,-0.110719,-1.59766,-0.149452
45,0.567779,0.103066,-0.0712003,-1.88807,0.0655067
46,-0.659702,0.0976644,-0.139308,-1.63894,-0.0442195
47,-0.532929,0.11502,-0.200626,-1.53082,-0.128708
48,-1.85999,0.0535492,-0.101919,-1.86241,-0.105958
49,-0.0484465,0.0843116,-0.103782,-1.77107,-0.15889
50,-0.029194,0.0479862,-0.142608,-1.52859,0.142536
51,1.62774,0.176236,-0.067695,-1.72417,0.314332
52,-1.8448,0.105722,-0.0571516,-1.68338,-0.147369
53,-0.210074,0.109643,-0.160183,-1.66307,-0.175088
54,-0.94829,0.156388,-0.123658,-1.5548,0.150992
55,-1.49233,0.174026,-0.151935,-1.88531,0.308348
56,-0.0915342,0.164148,-0.121439,-1.54315,-0.0407912
57,-0.271001,0.0644649,-0.107614,-1.63866,0.330184
58,1.10418,0.164257,-0.18354,-1.60053,0.0105942
59,0.0618495,0.0546328,-0.174552,-1.5117,0.117908
60,-0.0516295,0.146273,-0.125506,-1.89989,0.22095
61,1.87647,0.0625323,-0.143881,-1.62688,0.2886
62,-1.51268,0.0989703,-0.189539,-1.78466,0.0951462
63,1.60297,0.109381,-0.196488,-1.64399,0.174757
64,0.0539514,0.15177,-0.142126,-1.66694,-0.133958
65,-0.70123,0.0584217,-0.0925565,-1.58479,0.118937
66,1.38171,0.0459672,-0.0709416,-1.88099,0.228574
67,-1.38828,0.161652,-0.198043,-1.69939,0.249575
68,1.91924,0.0299476,-0.185856,-1.57692,0.137207
69,0.395003,0.0994276,-0.110175,-1.59504,0.112233
70,-1.52371,0.0438067,-0.162915,-1.62176,0.207245
71,1.41014,0.106685,-0.179258,-1.6321,0.100648
72,0.587843,0.124458,-0.112052,-1.66474,-0.187363
73,-1.3841,0.141379,-0.202145,-1.62452,-0.0397903
74,-0.607248,0.171192,-0.1903,-1.79123,0.201239
75,0.272001,0.0234848,-0.106355,-1.86759,-0.0984003
76,0.678644,0.0437145,-0.0966482,-1.8032,-0.129919
77,1.42291,0.123176,-0.175072,-1.85494,0.14758
78,0.75998,0.171969,-0.185208,-1.73948,0.00137642
79,-1.81969,0.130359,-0.108847,-1.91604,0.204957
80,-0.492663,0.0934795,-0.0606226,-1.72907,0.0950747
81,0.912791,0.173193,-0.165333,-1.71259,0.0263538
82,1.75442,0.111675,-0.0620931,-1.88936,0.00125905
83,-0.181005,0.111284,-0.095506,-1.79647,-0.000885878
84,0.562296,0.0971316,-0.109665,-1.7056,-0.0855292
85,1.61287,0.153807,-0.07938,-1.79493,0.130294
86,-1.25763,0.168374,-0.152982,-1.88386,-0.110322
87,1.72968,0.113421,-0.198991,-1.56829,-0.0295225
88,-1.44502,0.0756825,-0.168425,-1.82715,0.0385394
89,1.10715,0.0952809,-0.191095,-1.50945,0.027177
90,-1.97531,0.0851453,-0.0788133,-1.57871,0.329944
91,0.430645,0.17154,-0.0614475,-1.53533,0.156699
92,-0.525626,0.029791,-0.079892,-1.55288,0.267702
93,0.604929,0.0616265,-0.09341,-1.56226,0.157077
94,-0.705953,0.0570365,-0.178758,-1.63859,-0.154734
95,-0.327974,0.145355,-0.112847,-1.59775,0.175828
96,-0.0878726,0.100944,-0.114599,-1.5077,-0.0292288
97,-0.487054,0.0425703,-0.0904672,-1.89459,0.126381
98,0.12499,0.0934,-0.0907376,-1.73528,-0.100558
99,0.715363,0.13851,-0.134575,-1.80429,0.204272
0,-1.88003,0.0533185,-0.124018,-1.50383,-0.352375
1,0.41822,0.120849,-0.172684,-1.39998,0.457192
2,-1.70647,0.0860038,-0.0644433,-1.59041,-0.0725932
3,0.076079,0.12931,-0.021161,-1.62558,0.344398
4,-1.75511,0.172665,-0.162812,-1.32892,0.376773
5,1.96657,0.0609579,-0.0792038,-1.68023,0.361962
6,0.644854,0.0951893,-0.0662634,-1.77079,0.498824
7,1.23436,0.0965256,-0.0734895,-1.70335,-0.206136
8,-1.08394,0.135326,-0.150514,-1.95383,-0.235539
9,1.65351,0.0219387,-0.0191721,-1.65294,0.258627
10,1.45728,0.193716,-0.224639,-1.81172,-0.00349664
11,-1.59043,0.0107349,-0.0218038,-1.56568,-0.351166
12,-0.860373,0.0290255,-0.0988301,-1.309,-0.323448
13,-1.8429,0.089356,-0.0195653,-1.84006,-0.181327
14,1.18572,0.152921,-0.196643,-1.68347,-0.115786
15,0.993355,0.188425,-0.166561,-1.871,-0.270829
16,1.52742,0.215786,-0.0935492,-1.47922,0.28312
17,1.5724,0.158306,-0.118311,-1.89349,0.473235
18,-2.07709,0.190464,-0.154849,-1.48589,0.431846
19,0.576382,0.0410477,-0.23628,-1.76289,-0.197677
20,-0.953301,0.160866,-0.243783,-1.89026,0.242177
21,1.42539,0.204202,-0.0177191,-1.80767,-0.0214966
22,1.20631,0.184453,-0.228023,-1.72974,0.00789653
23,-1.73728,0.108865,-0.16489,-1.44121,0.331475
24,-0.901303,0.188398,-0.0963856,-1.9555,0.0209037
25,0.803267,0.150849,-0.139207,-1.58485,0.404686
26,1.292,0.0786234,-0.125691,-1.72463,0.481272
27,-1.25132,0.179871,-0.0824293,-1.71331,0.416598
28,-0.906942,0.136508,-0.147955,-1.46166,0.269619
29,0.290749,0.0283091,-0.120653,-1.72215,-0.268406
30,-1.30083,0.0233924,-0.214282,-1.54443,-0.211685
31,1.02987,0.0407201,-0.125856,-1.92949,-0.245932
32,0.283038,0.0760695,-0.167781,-1.51303,0.38206
33,-0.447232,0.127832,-0.0601,-1.44402,-0.0619846
34,-1.99843,0.0473271,-0.23859,-1.57607,0.301799
35,-0.191679,0.16934,-0.152836,-1.39918,0.141626
36,-1.40576,0.190416,-0.049988,-1.84884,-0.103397
37,1.34736,0.105281,-0.188051,-1.413,0.0648538
38,0.799397,0.213897,-0.102862,-1.94149,-0.287044
39,1.26838,0.0311139,-0.10716,-1.33763,0.459031
40,1.61666,0.187382,-0.0995428,-1.57266,0.416864
41,-1.21336,0.0250727,-0.0456589,-2.0215,0.0142755
42,0.743134,0.0460405,-0.202715,-1.86889,-0.292507
43,-1.1139,0.210906,-0.0216655,-1.7568,-0.24466
44,0.226716,0.101765,-0.210559,-1.68869,0.397716
45,-1.87305,0.0228944,-0.0778005,-1.40607,0.477063
46,-0.556998,0.154371,-0.0170293,-1.98208,-0.0669218
47,-1.79294,0.0870898,-0.187691,-1.93007,-0.28505
48,1.83129,0.0934899,-0.192105,-2.01648,0.124342
49,0.240243,0.089889,-0.050212,-1.68231,-0.00456654
50,-1.22013,0.157555,-0.170438,-1.99809,-0.328784
51,-1.28942,0.0156205,-0.178063,-1.41478,0.147942
52,-1.55791,0.0755002,-0.248033,-2.06195,-0.115294
53,-1.13157,0.0942144,-0.184299,-1.42173,-0.000792738
54,-0.027423,0.198562,-0.144285,-1.50697,-0.192731
55,0.996525,0.170396,-0.206995,-1.51022,-0.206469
56,-1.10964,0.187292,-0.130124,-1.71755,0.11664
57,-0.397174,0.0103045,-0.07412,-1.34847,0.267738
58,1.61372,0.0885245,-0.115649,-1.64841,-0.0620661
59,-1.87304,0.0537302,-0.248722,-1.34314,0.290175
60,1.90126,0.197616,-0.0726336,-1.5146,-0.372634
61,0.257465,0.1645,-0.0683057,-1.34381,-0.201784
62,-1.70707,0.194021,-0.0704809,-1.90975,-0.272933
63,-0.61699,0.0655908,-0.239196,-1.37159,-0.0425439
64,-0.257194,0.0138785,-0.189052,-1.92368,0.473657
65,-1.40083,0.157194,-0.078476,-1.9155,0.341061
66,1.96691,0.0162561,-0.233573,-1.37411,0.022636
67,-1.77912,0.0991874,-0.0885088,-2.05094,0.100024
68,0.904554,0.136602,-0.158932,-1.85312,0.390042
69,1.33001,0.0127086,-0.164228,-1.70396,0.0614255
70,1.0902,0.125131,-0.0706221,-1.4082,-0.295296
71,-0.902813,0.184711,-0.113606,-1.8542,-0.103385
72,2.07663,0.184091,-0.20151,-2.02531,-0.240183
73,0.781082,0.0391388,-0.0823813,-1.41834,-0.216898
74,0.56837,0.203418,-0.0928847,-1.37757,0.441566
75,-1.48542,0.0113031,-0.0791658,-2.06401,-0.303803
76,-0.527468,0.212073,-0.218889,-1.6816,0.515131
77,-0.608892,0.0289423,-0.0345889,-1.71407,0.271352
78,-0.588219,0.205688,-0.178114,-1.5027,0.214773
79,-0.237863,0.11512,-0.0843225,-1.65029,-0.230901
80,0.48367,0.131615,-0.0398008,-1.56254,0.0313503
81,0.249143,0.101161,-0.152631,-1.53389,-0.00654599
82,1.75325,0.0532835,-0.0782427,-1.42789,0.292868
83,-2.00508,0.0117205,-0.129453,-1.41737,-0.168991
84,1.49911,0.0593757,-0.121368,-1.65325,0.0722417
85,-0.1113,0.0181724,-0.124349,-2.01297,-0.248345
86,0.128589,0.0929602,-0.143249,-1.71019,0.112231
87,-0.149515,0.0342107,-0.101618,-1.68062,0.410044
88,-0.0939225,0.0434016,-0.232078,-1.49596,0.145647
89,-1.57924,0.138431,-0.212881,-1.33668,-0.265209
90,0.149858,0.104877,-0.0713921,-1.37822,0.436389
91,-1.08705,0.122332,-0.167718,-2.06092,-0.149965
92,2.01052,0.0415385,-0.196017,-1.31761,0.398563
93,0.240645,0.106704,-0.239159,-2.08231,-0.095048
94,1.90418,0.154401,-0.0182001,-1.54786,-0.0960578
95,-0.653721,0.0497741,-0.0825751,-1.82617,0.461286
96,2.01323,0.0572063,-0.18353,-1.97051,-0.228186
97,0.109396,0.0526455,-0.0762695,-1.57455,0.0299397
98,1.52986,0.128731,-0.0591553,-2.02052,0.0763099
99,-0.994539,0.204887,-0.211057,-1.63552,0.419816
0,0.699369,0.119374,-0.204241,-1.71706,0.00225104
1,1.02447,0.141146,-0.153427,-1.38525,-0.302713
2,0.727137,0.0622792,-0.0518522,-1.91371,-0.343503
3,1.75888,0.0975125,-0.151432,-1.44108,0.322877
4,-1.30016,0.212843,-0.230714,-1.89826,0.35153
5,-1.85205,0.186319,-0.0924601,-1.41194,0.262193
6,1.27059,0.0840514,-0.0180746,-1.74287,-0.000688643
7,0.49262,0.214367,-0.102287,-1.47462,-0.276598
8,1.94403,0.0880854,-0.0271669,-1.79912,0.242989
9,1.92778,0.117546,-0.236313,-1.71376,0.203459
10,0.524011,0.0420151,-0.130395,-1.57038,0.373451
11,-0.784061,0.150472,-0.244113,-1.30708,-0.301699
12,0.495739,0.103762,-0.182082,-1.47069,-0.346252
13,-1.33046,0.0546846,-0.234639,-1.87167,-0.275617
14,1.52951,0.118732,-0.214429,-1.43565,0.200626
15,2.01659,0.0732916,-0.116039,-1.83564,0.503777
16,0.797991,0.197385,-0.0341747,-1.45999,-0.295957
17,-0.368943,0.0575216,-0.110327,-2.01805,-0.162441
18,-0.5629,0.0187995,-0.218304,-1.47047,0.447346
19,1.08598,0.174961,-0.113165,-2.07203,0.490249
20,1.04282,0.213259,-0.210222,-1.8135,-0.171454
21,1.31211,0.127343,-0.207132,-1.41562,-0.359352
22,1.77814,0.0551829,-0.154012,-2.06721,0.393178
23,2.02134,0.0573412,-0.0397963,-1.60801,0.518737
24,-1.42193,0.167238,-0.217858,-1.58598,0.0105489
25,-2.03243,0.166292,-0.199298,-1.61566,-0.155507
26,-0.965651,0.0321391,-0.0192689,-1.64993,-0.0265608
27,-0.95939,0.0439558,-0.219937,-2.04556,0.366945
28,-1.53476,0.0164588,-0.21979,-1.76809,-0.264961
29,-1.40749,0.0706116,-0.0565645,-1.84672,-0.112753
30,2.04417,0.0124722,-0.21828,-1.56087,0.145085
31,1.8396,0.182264,-0.211237,-1.8352,0.325725
32,-0.322166,0.177706,-0.228401,-1.97467,0.38867
33,2.04268,0.164069,-0.0265578,-1.90698,0.418841
34,-0.254114,0.179454,-0.150111,-1.92534,0.49201
35,-0.144245,0.11954,-0.145356,-1.49898,0.329109
36,-0.215773,0.141761,-0.0625227,-2.0663,0.498726
37,-0.118293,0.158114,-0.120923,-2.01145,0.241315
38,-1.60414,0.0775731,-0.243371,-1.814,0.316898
39,-1.90569,0.0605086,-0.238052,-1.90507,-0.127075
40,-1.95521,0.135897,-0.174295,-1.39941,-0.269324
41,-1.39304,0.130471,-0.114098,-1.41811,0.51642
42,-1.80071,0.205875,-0.225962,-1.8918,0.422681
43,-1.82761,0.16632,-0.164424,-1.57546,-0.366952
44,0.649316,0.0655875,-0.0221915,-1.91844,0.201298
45,-0.0305478,0.0180931,-0.203815,-1.7612,0.481801
46,-1.8003,0.0775286,-0.057985,-1.9831,0.284149
47,-0.514531,0.102442,-0.114303,-2.00348,0.0666963
48,-1.89617,0.0448639,-0.0292216,-1.74037,0.299368
49,1.77399,0.17105,-0.24274,-2.03715,-0.276655
50,1.2164,0.20347,-0.185054,-1.90003,0.254252
51,-1.19959,0.210512,-0.0586221,-1.72336,0.398644
52,-0.389734,0.185096,-0.174887,-1.61346,-0.162111
53,-1.38306,0.195206,-0.142306,-2.04842,0.473473
54,-1.52571,0.16815,-0.228386,-1.60545,-0.196349
55,-0.260779,0.154173,-0.137225,-1.36207,0.059002
56,-0.619317,0.0715072,-0.0339477,-1.51789,0.392364
57,0.0746635,0.114499,-0.118878,-1.6426,-0.268611
58,-0.754601,0.0254356,-0.0321564,-1.77838,-0.095578
59,1.92719,0.111049,-0.147206,-2.06084,0.381185
60,1.32945,0.211777,-0.0977471,-1.83077,-0.256738
61,0.293017,0.0915144,-0.152649,-1.81858,0.0694414
62,-0.334771,0.174125,-0.194295,-1.36565,0.193527
63,1.13712,0.136944,-0.241544,-2.04379,0.402719
64,-0.559368,0.178916,-0.229998,-1.99717,0.0585658
65,0.152952,0.128644,-0.165103,-1.68587,0.23617
66,0.0148922,0.134012,-0.209886,-1.80102,-0.0958013
67,0.29249,0.134692,-0.159543,-1.87506,0.307726
68,-0.627463,0.136326,-0.150643,-1.80813,0.242802
69,-0.115035,0.134164,-0.0975276,-2.0378,-0.0641931
70,0.755332,0.0457947,-0.181401,-1.78347,0.48205
71,-0.50365,0.0591381,-0.0886865,-1.936,-0.305468
72,1.11991,0.135477,-0.104487,-1.78634,0.180689
73,1.33906,0.10194,-0.236389,-1.58021,0.425606
74,-0.986569,0.146646,-0.196896,-1.70327,-0.272128
75,1.47983,0.0614549,-0.183576,-1.529,0.320176
76,-1.87033,0.0874793,-0.0524636,-1.58248,-0.0488156
77,0.91765,0.0941162,-0.20675,-2.06148,-0.354539
78,0.359881,0.0855678,-0.231155,-2.03417,0.477014
79,-0.51924,0.121039,-0.0908448,-1.71148,0.508299
80,1.51358,0.0377878,-0.24396,-2.00643,0.49186
81,-0.438932,0.206591,-0.0249083,-2.07614,0.0150592
82,-0.304606,0.0887405,-0.122549,-1.39288,0.317642
83,1.41417,0.100253,-0.178787,-1.82213,-0.367479
84,0.770367,0.026174,-0.159784,-1.53458,-0.0140407
85,-1.44492,0.0448872,-0.1228,-2.0005,0.401685
86,-1.56979,0.136179,-0.188224,-1.58241,0.256904
87,-0.401956,0.0894816,-0.0176554,-1.4385,0.301376
88,1.81486,0.0801134,-0.130395,-1.90501,0.13567
89,-1.16565,0.139405,-0.107187,-1.82819,0.418253
90,0.575741,0.205555,-0.0621539,-1.7649,-0.104194
91,1.1456,0.0516024,-0.142529,-1.52078,0.165929
92,-0.563513,0.0581743,-0.227782,-1.31225,-0.353306
93,0.148441,0.0167218,-0.128808,-1.39996,-0.217732
94,1.35747,0.0502873,-0.24143,-1.71556,-0.0286858
95,0.091468,0.18478,-0.0728317,-1.76123,-0.332956
96,1.42453,0.179686,-0.220073,-1.7065,0.492686
97,0.799537,0.182872,-0.24059,-1.35145,-0.085454
98,1.22322,0.215846,-0.212287,-1.86419,-0.175743
99,1.06363,0.106338,-0.108355,-2.02764,0.458817
0,-1.99079,0.0639353,-0.21364,-1.47107,0.363649
1,-0.838562,0.162279,-0.195961,-1.59027,0.511156
2,0.464229,0.0224854,-0.158292,-1.45411,-0.154842
3,2.04928,0.0620102,-0.0991503,-1.85864,-0.329622
4,0.541845,0.15739,-0.0706611,-1.42365,0.447613
5,0.207951,0.0572816,-0.0234174,-1.46394,-0.335604
6,0.195423,0.141183,-0.081814,-1.84467,0.511353
7,2.00961,0.150188,-0.187701,-1.32783,0.172596
8,0.490855,0.0157611,-0.0577317,-1.77574,0.0208939
9,-0.882073,0.155374,-0.145461,-1.71428,-0.337663
10,1.44524,0.163871,-0.0229423,-1.91661,-0.030303
11,2.04947,0.14854,-0.0886069,-1.67183,0.0344093
12,1.59852,0.0251761,-0.157397,-1.40018,-0.292448
13,-0.419091,0.0936092,-0.206134,-1.55338,0.010562
14,0.0850797,0.010469,-0.212603,-1.95358,0.256585
15,-0.659182,0.112631,-0.0333924,-1.40252,-0.0371694
16,-1.47919,0.0851218,-0.0292655,-1.49352,0.454532
17,-1.10338,0.0183166,-0.164986,-1.68584,0.448091
18,1.38374,0.157723,-0.0322481,-1.75917,-0.257202
19,-0.206441,0.210782,-0.174615,-1.37436,-0.0497899
20,0.59958,0.131549,-0.204511,-1.4337,-0.12052
21,-1.36082,0.0540573,-0.056811,-1.83781,0.0234073
22,1.26153,0.0571565,-0.0814231,-1.9845,0.475603
23,1.95358,0.196969,-0.0859686,-1.49513,0.256661
24,1.15851,0.0846914,-0.0642694,-2.01992,0.293307
25,1.8434,0.0530177,-0.0318501,-1.40581,-0.270918
26,-1.42606,0.0433257,-0.170326,-1.81291,-0.0931789
27,1.32079,0.110975,-0.0263912,-2.0163,0.0419236
28,-0.873316,0.045926,-0.124639,-1.51258,-0.3865
29,0.589471,0.0136164,-0.138931,-1.82317,0.286667
30,1.91695,0.00950009,-0.134543,-1.85803,0.474163
31,-0.659042,0.157085,-0.144906,-1.30323,0.13907
32,1.05308,0.195548,-0.21342,-1.78825,-0.321552
33,1.88686,0.195184,-0.194082,-1.71677,0.479585
34,1.80601,0.0098093,-0.169778,-1.73729,-0.320388
35,0.505676,0.0472368,-0.0859431,-1.70097,-0.15731
36,0.9401,0.11744,-0.214049,-1.50245,-0.379869
37,0.251863,0.189508,-0.0548454,-1.71844,-0.0775056
38,1.48413,0.173394,-0.0715441,-1.47283,-0.237949
39,-1.69551,0.0765625,-0.0939155,-1.41625,0.266091
40,-1.68317,0.189008,-0.158219,-1.8678,0.500692
41,-1.17091,0.14107,-0.0651794,-1.67969,0.439421
42,-0.458704,0.101813,-0.122368,-1.57742,-0.253386
43,1.09923,0.037447,-0.142191,-1.43537,0.0224204
44,1.39777,0.0997383,-0.190957,-1.47758,0.460559
45,2.07938,0.0969585,-0.0551423,-1.82707,0.304273
46,1.84466,0.0177319,-0.0596835,-1.53442,-0.283779
47,-0.679614,0.0282245,-0.054429,-1.56982,-0.382444
48,-0.285438,0.179659,-0.178643,-1.76101,0.349154
49,1.65872,0.0768057,-0.0626365,-2.08491,-0.023065
50,-1.27099,0.0305354,-0.167508,-2.08053,0.153014
51,0.223082,0.202529,-0.21039,-1.95222,-0.280342
52,-0.765206,0.0305316,-0.215476,-1.61711,-0.00312137
53,0.531232,0.0599215,-0.186249,-1.49011,-0.342694
54,1.16267,0.167837,-0.13199,-1.75496,0.279701
55,-0.060973,0.194772,-0.0729643,-1.60065,-0.116197
56,-1.77725,0.0199914,-0.0807264,-1.55317,0.0687852
57,-1.60953,0.14784,-0.188296,-1.54824,0.449573
58,-0.414824,0.0426058,-0.245459,-1.34099,0.0474517
59,1.53326,0.186863,-0.182744,-1.96003,0.44998
60,-0.920089,0.0679904,-0.175924,-1.31987,0.377295
61,-0.142772,0.190772,-0.0345407,-1.79313,0.332911
62,-1.09374,0.16497,-0.23688,-1.36837,-0.153649
63,-0.132449,0.181461,-0.208564,-2.0559,-0.227467
64,1.23535,0.192406,-0.143021,-1.90036,0.518607
65,-1.86014,0.0835079,-0.199895,-1.61079,0.0101964
66,-0.782829,0.0149023,-0.07925,-1.72493,0.520487
67,0.191932,0.0548747,-0.0208892,-1.75772,-0.360108
68,2.02187,0.202317,-0.246819,-1.4617,0.00100774
69,0.0287834,0.076132,-0.143308,-1.92183,-0.189771
70,-0.622393,0.0787679,-0.237213,-1.47562,0.4885
71,-0.859333,0.206959,-0.106445,-2.04636,0.422783
72,-2.03027,0.0259593,-0.219309,-1.57881,-0.297426
73,0.314533,0.211562,-0.199945,-1.65643,0.512283
74,1.64705,0.095405,-0.240451,-1.42197,0.460907
75,-0.468531,0.18433,-0.120711,-1.42407,0.0492795
76,1.2286,0.124208,-0.167052,-1.38084,0.105368
77,1.01771,0.118028,-0.113352,-1.82332,0.00300296
78,-1.5626,0.0572561,-0.225089,-1.5823,-0.329968
79,0.881913,0.151821,-0.218012,-1.62286,-0.0811421
80,-1.51112,0.0513725,-0.183035,-1.53595,0.297325
81,1.86984,0.0627435,-0.110156,-1.80912,0.371907
82,1.44882,0.0940292,-0.165143,-2.05245,-0.123482
83,0.0319101,0.214947,-0.108269,-1.31381,-0.146899
84,0.975144,0.108229,-0.237486,-1.91313,-0.038891
85,1.84213,0.0383319,-0.245574,-1.98278,-0.160016
86,-1.7826,0.115272,-0.0579985,-1.50791,-0.124732
87,-0.330041,0.0865372,-0.101574,-2.01291,0.352305
88,-0.644126,0.0119184,-0.189632,-1.94949,-0.10191
89,-0.548803,0.199968,-0.193493,-1.69096,-0.149906
90,1.63868,0.165061,-0.180582,-1.38284,-0.063041
91,1.43397,0.145191,-0.244459,-1.59793,0.504454
92,0.976958,0.147967,-0.199208,-1.64156,-0.207891
93,1.14244,0.129439,-0.147512,-1.61786,0.104908
94,1.97653,0.183175,-0.185081,-1.85428,-0.0217668
95,-1.34167,0.0137382,-0.18504,-1.82636,-0.0131944
96,-0.252521,0.144098,-0.225083,-1.82956,-0.104073
97,-0.351919,0.0721495,-0.197922,-2.0134,-0.347835
98,-0.468334,0.0530141,-0.188196,-1.83809,-0.0108324
99,0.781656,0.109755,-0.140909,-1.54252,0.513808
0,-1.98878,0.141806,-0.192907,-1.90173,-0.274859
1,-1.02822,0.181607,-0.227667,-1.95938,0.0853937
2,0.773194,0.203604,-0.152673,-1.53972,0.264751
3,1.84427,0.140782,-0.16545,-1.52096,0.0957937
4,0.89885,0.135422,-0.053112,-2.05945,0.184653
5,-0.51608,0.158568,-0.162729,-1.66476,-0.268716
6,0.130432,0.123662,-0.095396,-1.9364,-0.203137
7,1.65748,0.0668381,-0.24235,-1.81564,-0.0673363
8,1.93591,0.094276,-0.201997,-1.97254,0.311517
9,1.12243,0.0902533,-0.0364582,-1.73914,-0.338117
10,-0.587683,0.14106,-0.055224,-1.81338,0.198841
11,1.05011,0.161969,-0.247197,-1.66242,0.093572
12,0.734498,0.0726243,-0.214469,-1.88296,0.381579
13,1.78368,0.199009,-0.243797,-1.37591,0.198783
14,0.0056748,0.161612,-0.116143,-1.85862,-0.326852
15,-1.02292,0.120875,-0.119818,-1.37169,0.33641
16,2.03427,0.143965,-0.164999,-1.93917,0.277978
17,-1.34962,0.191083,-0.0618387,-1.70738,0.303439
18,2.00829,0.0262027,-0.20896,-1.50551,-0.0459569
19,-0.0453913,0.055901,-0.0461346,-1.61529,-0.294045
20,-1.38428,0.212209,-0.183753,-1.54303,0.221734
21,-1.89725,0.0669043,-0.220859,-1.96301,-0.251176
22,0.213269,0.128506,-0.216314,-1.66838,-0.124464
23,-0.215469,0.181584,-0.24774,-1.62471,-0.206244
24,1.33617,0.0925583,-0.220828,-1.91476,0.456015
25,-0.00984295,0.216154,-0.155985,-1.33693,0.283364
26,-0.743125,0.0610875,-0.187687,-1.89934,-0.034228
27,-0.200723,0.156349,-0.110175,-1.43364,-0.243899
28,1.91385,0.160632,-0.229413,-1.80202,0.0108999
29,0.122891,0.0480383,-0.197851,-1.48374,-0.0419132
30,-1.49881,0.10128,-0.217332,-1.50419,0.276382
31,0.474222,0.0876848,-0.203883,-2.07815,0.0338835
32,-1.81007,0.0413823,-0.0956753,-1.41123,0.0210435
33,0.515085,0.139768,-0.212308,-1.38651,0.48163
34,1.23575,0.153209,-0.0521905,-1.74005,-0.146727
35,0.0302471,0.203903,-0.0682842,-2.04025,-0.0345798
36,-0.355022,0.00948648,-0.246356,-1.83413,0.265545
37,0.542993,0.197888,-0.148898,-1.93368,0.0110121
38,-1.5133,0.153421,-0.139615,-2.005,0.158029
39,1.53489,0.0566154,-0.108687,-1.87539,-0.263465
40,-1.85997,0.193259,-0.0442056,-1.72826,-0.238701
41,0.926694,0.0599136,-0.149004,-1.53179,0.40094
42,0.760809,0.0284254,-0.132022,-1.47543,0.487323
43,-0.996856,0.0448258,-0.035477,-1.6985,-0.114956
44,1.20834,0.0209931,-0.117756,-1.67848,-0.00175954
45,-1.22596,0.210439,-0.0453613,-1.53544,0.0330025
46,-1.44858,0.155791,-0.0635569,-1.75514,0.484
47,2.02544,0.133875,-0.224874,-1.99784,-0.155927
48,1.00976,0.0928117,-0.018764,-1.87337,0.379441
49,-1.13466,0.0131541,-0.123685,-2.06297,0.110046
50,-1.75749,0.0542308,-0.102593,-2.0431,0.304492
51,-1.88036,0.0519597,-0.134547,-1.32379,0.0364721
52,-1.62699,0.0102034,-0.111133,-1.68651,0.0558222
53,-0.319958,0.173587,-0.178574,-2.03923,-0.17184
54,-1.70271,0.107645,-0.13428,-1.6457,-0.314217
55,-0.276591,0.0517127,-0.206433,-1.51471,-0.38406
56,-0.335672,0.149954,-0.214073,-1.75069,-0.0419167
57,0.32264,0.171382,-0.179576,-1.53768,-0.0489316
58,-0.426548,0.0420372,-0.0391066,-1.92155,0.0245566
59,1.05871,0.17169,-0.149237,-2.0332,-0.222661
60,-1.19598,0.103634,-0.179399,-1.64538,0.180956
61,0.913317,0.0557715,-0.149075,-1.69255,0.426999
62,1.93174,0.0857656,-0.0936414,-1.97287,0.476763
63,1.74542,0.0333522,-0.150401,-1.7935,0.322367
64,0.121097,0.0294029,-0.22985,-1.36248,-0.1346
65,-0.983738,0.064838,-0.0182224,-1.81862,0.173969
66,0.91034,0.165902,-0.247872,-1.98397,-0.249204
67,1.41008,0.21143,-0.21977,-1.47607,0.175983
68,0.769359,0.0987454,-0.152838,-1.38195,0.513824
69,-0.514764,0.195206,-0.0499997,-1.5806,0.202224
70,1.80325,0.0625279,-0.172349,-1.77525,0.238658
71,-1.90754,0.138694,-0.113687,-1.41849,-0.0871388
72,-2.01484,0.0809143,-0.238771,-2.00172,-0.347367
73,1.42265,0.214789,-0.180644,-1.46038,-0.260311
74,-1.98021,0.130962,-0.0785427,-2.01947,-0.260135
75,1.42346,0.0259206,-0.165372,-1.53288,0.500099
76,-0.686007,0.178548,-0.115918,-1.57675,-0.358762
77,1.84682,0.198641,-0.0951494,-1.44948,-0.278993
78,0.00444114,0.164536,-0.18413,-1.52036,-0.266093
79,-0.254182,0.0544051,-0.193784,-1.59871,0.256915
80,1.52258,0.0736497,-0.235589,-1.46429,-0.0128772
81,-1.99607,0.150439,-0.0322488,-1.36216,0.212134
82,-0.0753874,0.145326,-0.241081,-1.73682,0.229187
83,1.89174,0.0126951,-0.126933,-1.66169,-0.189473
84,-0.0192827,0.145041,-0.10729,-1.72324,-0.37859
85,0.427016,0.20754,-0.0504516,-1.92889,0.341585
86,1.56915,0.185197,-0.23693,-1.36783,-0.169851
87,0.641398,0.215569,-0.115134,-1.51268,0.337475
88,-0.559866,0.0584391,-0.049405,-1.39976,0.472262
89,-1.81602,0.0367217,-0.236779,-2.07302,-0.232346
90,-1.31128,0.0988937,-0.121963,-1.59565,-0.0788769
91,-0.0153783,0.00989905,-0.0735192,-1.30624,0.20393
92,-0.500136,0.0999653,-0.170619,-1.86016,-0.337718
93,0.895083,0.102336,-0.200199,-1.74528,0.102413
94,1.05157,0.143551,-0.0843298,-1.6438,-0.13335
95,-0.933691,0.0175515,-0.114195,-1.51734,-0.128421
96,0.486491,0.15838,-0.11235,-2.0567,-0.113237
97,-0.918563,0.188569,-0.221066,-1.72955,-0.367461
98,-0.146371,0.206821,-0.0834681,-1.95102,-0.335479
99,0.379699,0.0753882,-0.0411151,-2.01627,-0.191222
0,-2.00492,0.15808,-0.0458856,-1.39957,-0.320625
1,1.00616,0.104884,-0.157886,-2.01377,0.0890237
2,-0.447168,0.16946,-0.207759,-1.82028,0.0611576
3,-1.15757,0.0396292,-0.184777,-1.33504,-0.316307
4,-0.175452,0.0488141,-0.0934748,-2.00235,0.520694
5,-1.87307,0.022219,-0.163573,-1.76838,0.251201
6,0.25934,0.195083,-0.0965985,-1.92263,0.434251
7,1.64927,0.173825,-0.200154,-1.7367,-0.0879204
8,-0.146176,0.0302671,-0.241324,-1.96053,0.461147
9,1.58141,0.019056,-0.136173,-1.81152,0.269919
10,-2.04468,0.138456,-0.1794,-1.86162,-0.0323777
11,-1.33851,0.110353,-0.119104,-1.76466,-0.359842
12,-0.857215,0.215344,-0.0477738,-2.07168,-0.306695
13,1.72092,0.0516637,-0.0420932,-1.72247,0.369467
14,1.5552,0.0997377,-0.0925918,-1.85837,0.319182
15,0.935895,0.186811,-0.135771,-1.32588,0.0139377
16,0.243016,0.143859,-0.0178116,-1.32106,0.102363
17,-1.31811,0.0133171,-0.191138,-1.6661,0.406503
18,1.62336,0.143069,-0.103916,-1.88977,-0.291389
19,-0.645161,0.193607,-0.1058,-1.46426,0.0381533
20,-1.63775,0.0658308,-0.112523,-1.63679,-0.109019
21,0.264533,0.105029,-0.167126,-2.00408,0.154536
22,-1.54115,0.0434764,-0.170611,-1.55627,0.0638023
23,-1.6363,0.0162135,-0.177472,-1.45211,0.276697
24,-1.11826,0.0468378,-0.172884,-1.49196,0.258837
25,0.288872,0.107306,-0.199634,-1.36117,0.363239
26,0.975341,0.0162689,-0.213332,-2.0274,0.335061
27,0.531381,0.198728,-0.164575,-2.07288,-0.378473
28,0.525799,0.133142,-0.0540571,-1.84502,-0.365258
29,-1.75079,0.192604,-0.0339805,-1.57454,-0.123536
30,-0.105688,0.171755,-0.154403,-1.83549,-0.280385
31,0.375134,0.0988435,-0.144054,-1.90887,0.23524
32,-1.15537,0.122247,-0.101544,-1.89676,0.428146
33,-2.03025,0.068298,-0.237953,-1.86912,-0.203812
34,-1.21737,0.109072,-0.128533,-1.53421,0.462255
35,-1.6007,0.0833529,-0.0381105,-2.0314,0.219677
36,-1.97872,0.131507,-0.117855,-1.73565,0.40724
37,0.801786,0.142215,-0.0827292,-1.88405,-0.0569841
38,-1.64939,0.0420826,-0.143048,-1.48415,0.386742
39,-2.03558,0.0699138,-0.0590868,-1.87976,-0.0579062
40,1.41417,0.0481572,-0.201645,-1.88033,0.109732
41,-0.130808,0.0246313,-0.145784,-1.54673,0.386724
42,1.15945,0.174854,-0.0531802,-1.31841,-0.0529078
43,-0.971044,0.100794,-0.105808,-1.90677,0.139695
44,0.322461,0.0158534,-0.117224,-1.42851,-0.189972
45,-0.254234,0.215502,-0.0782209,-1.31547,0.194361
46,-2.0827,0.127958,-0.0425005,-1.99029,0.0131052
47,1.08356,0.013687,-0.14479,-1.30853,0.311956
48,-0.677691,0.036022,-0.0749025,-1.8841,0.411432
49,-1.43021,0.00977903,-0.0997775,-1.6289,-0.181183
50,-1.17637,0.127266,-0.161245,-1.68856,-0.0694866
51,0.539784,0.175621,-0.211246,-1.81802,0.506858
52,0.0325111,0.163325,-0.165349,-1.68308,0.0619656
53,-0.656526,0.0512842,-0.0556887,-1.80832,0.375897
54,1.8506,0.0611375,-0.24494,-1.90082,0.436136
55,1.13079,0.0846395,-0.211998,-1.74824,0.456084
56,-0.561473,0.108174,-0.145772,-1.44826,-0.337351
57,1.90746,0.0571034,-0.103365,-1.74626,-0.206298
58,0.359733,0.199238,-0.168583,-1.94398,0.00939993
59,-1.50907,0.146311,-0.16077,-1.78609,0.338857
60,0.505372,0.158423,-0.0881411,-1.84465,-0.252804
61,0.912441,0.163265,-0.220882,-1.45811,0.0676386
62,1.12552,0.197618,-0.160859,-1.82329,-0.0747594
63,0.205372,0.0451036,-0.0863939,-1.94238,0.306042
64,0.874551,0.10092,-0.199555,-1.32224,0.281234
65,-1.78482,0.160765,-0.0890941,-1.966,-0.328954
66,1.09174,0.138076,-0.117755,-1.77451,0.415804
67,1.13271,0.212971,-0.249356,-1.4793,0.425056
68,-1.14597,0.138632,-0.0701431,-1.57342,0.238013
69,-1.28229,0.096175,-0.193743,-1.8995,0.0267301
70,-1.61297,0.0748939,-0.0858623,-1.51789,-0.115123
71,-1.26939,0.20143,-0.0450909,-1.74263,0.00100706
72,-1.37697,0.0289022,-0.206563,-1.6904,-0.132886
73,0.293761,0.196248,-0.131036,-1.75357,-0.253629
74,0.250979,0.0437684,-0.230548,-1.30872,0.268159
75,-0.387642,0.174523,-0.134439,-1.93655,0.0372789
76,-1.57265,0.162029,-0.138594,-1.65641,0.46321
77,1.90818,0.0477057,-0.185477,-1.71665,0.117529
78,0.209009,0.205158,-0.155688,-1.31818,-0.282344
79,0.440346,0.0121304,-0.154992,-1.7575,0.202448
80,-1.70672,0.189272,-0.0276193,-1.48322,0.502874
81,1.46372,0.196856,-0.111552,-1.71637,0.51891
82,2.02191,0.185357,-0.101167,-1.84099,0.0767705
83,-0.0580597,0.122484,-0.118647,-1.85682,0.221425
84,1.72533,0.0134141,-0.236517,-1.3372,0.270193
85,0.0132685,0.123445,-0.0401808,-1.65294,0.208974
86,1.77648,0.0511764,-0.133527,-1.38778,-0.0334873
87,1.07399,0.0363968,-0.0265792,-1.66338,0.438227
88,1.35171,0.0267033,-0.197369,-1.55812,0.132444
89,1.96649,0.11957,-0.201465,-2.04071,-0.263389
90,-0.517594,0.149153,-0.171508,-1.75821,0.123235
91,0.808747,0.214892,-0.239933,-1.36747,-0.128456
92,1.65125,0.0800579,-0.2021,-1.5821,0.380926
93,0.441258,0.067408,-0.123746,-1.86161,-0.0981067
94,0.779919,0.0119667,-0.168942,-1.45411,0.454976
95,-0.781055,0.140191,-0.12473,-1.34566,0.223516
96,1.75696,0.182912,-0.239627,-1.5352,0.45127
97,-0.956779,0.162425,-0.157119,-1.88809,0.204156
98,0.88288,0.0969409,-0.107095,-1.41497,0.144414
99,-1.41669,0.0213067,-0.136089,-2.0611,-0.226233
0,0.967389,0.137675,-0.113646,-1.95197,0.204872
1,2.08514,0.207128,-0.0479063,-1.75437,0.0978058
2,-0.232426,0.0438983,-0.145204,-1.43576,0.426044
3,-1.145,0.0320434,-0.104433,-1.39357,0.183766
4,0.917325,0.153011,-0.228665,-1.48629,0.206531
5,1.85143,0.159785,-0.0586269,-1.91136,0.298793
6,1.98034,0.136699,-0.125124,-1.61949,-0.0155727
7,1.59687,0.0186858,-0.124408,-1.35626,-0.336008
8,-1.29847,0.0900534,-0.217626,-1.54931,0.144834
9,-0.118241,0.109138,-0.23877,-1.77547,-0.331558
10,0.292177,0.135751,-0.121786,-1.33262,-0.219673
11,-1.50741,0.0958392,-0.042884,-1.51248,0.370498
12,-1.73665,0.171784,-0.0292676,-2.04204,0.325782
13,1.17298,0.0558168,-0.0862042,-2.0237,0.445847
14,1.81671,0.133184,-0.098161,-1.74573,-0.156381
15,-0.477707,0.149817,-0.114872,-1.43771,-0.24884
16,0.470157,0.209402,-0.155327,-1.70897,-0.153668
17,-0.660327,0.0427316,-0.197549,-1.93248,-0.280416
18,-1.42456,0.130906,-0.0735145,-1.48961,-0.128091
19,1.03138,0.0723435,-0.216436,-1.90256,-0.340257
20,-0.012944,0.194073,-0.0617657,-1.86707,0.0893287
21,-1.76307,0.122372,-0.0819334,-1.53464,-0.0901936
22,-0.652761,0.0218927,-0.0536523,-2,-0.0277736
23,-0.374097,0.093908,-0.19901,-1.80311,0.0104695
24,0.324102,0.0496018,-0.169398,-1.49928,0.301057
25,-1.54923,0.206966,-0.115117,-1.98038,-0.185749
26,-1.02092,0.15844,-0.126964,-1.94753,0.170683
27,0.388569,0.197268,-0.248716,-1.41442,0.357315
28,0.439973,0.0787766,-0.0659149,-1.30081,0.349711
29,-0.488394,0.0103078,-0.146252,-1.40325,0.504812
30,1.00755,0.0225116,-0.181981,-1.70474,0.396489
31,-1.43778,0.172536,-0.247721,-2.00744,-0.119707
32,0.942133,0.010931,-0.164565,-1.9019,0.295377
33,1.01878,0.205322,-0.208228,-1.76285,0.367381
34,0.922407,0.134416,-0.225217,-1.96416,0.323611
35,-0.892512,0.0451805,-0.246081,-1.99859,0.180314
36,1.27797,0.01543,-0.159073,-1.86678,0.421471
37,0.414823,0.0323729,-0.19244,-1.84467,0.147431
38,-0.510347,0.0578762,-0.127515,-2.05668,0.00861224
39,0.362297,0.178071,-0.201112,-1.647,0.116046
40,-1.6425,0.0874708,-0.0289122,-1.56508,0.311204
41,-1.75223,0.18713,-0.237138,-1.8812,-0.200738
42,-1.52573,0.0431658,-0.0921015,-1.45211,0.156407
43,-1.73337,0.169881,-0.248088,-1.55009,0.00851333
44,-0.705912,0.0279172,-0.111642,-1.90305,0.451875
45,-0.226225,0.146972,-0.0231062,-2.06798,0.101331
46,2.03565,0.0145286,-0.226277,-1.66523,-0.0952353
47,1.61445,0.202913,-0.13893,-1.3164,0.364311
48,1.74924,0.187702,-0.0754366,-1.98149,-0.18898
49,-0.223264,0.1467,-0.111725,-1.52043,0.186773
50,0.382779,0.0700197,-0.1429,-2.02226,0.1869
51,0.4732,0.120873,-0.22312,-1.76681,-0.32735
52,-1.41055,0.125567,-0.172864,-1.62572,0.159234
53,-0.127816,0.159487,-0.11267,-2.02147,0.159293
54,0.207583,0.155848,-0.0553623,-1.85286,-0.122841
55,-0.643332,0.142888,-0.184344,-1.51713,0.382795
56,-1.42919,0.122271,-0.239489,-2.04904,0.156574
57,-0.329028,0.20435,-0.123637,-1.85515,0.0099187
58,-1.71165,0.0161009,-0.0390368,-1.93361,-0.323308
59,-0.136939,0.214872,-0.190094,-1.30327,-0.140172
60,-1.26406,0.0844884,-0.10395,-1.64538,-0.156903
61,0.00476667,0.0898182,-0.0595322,-1.5097,0.511997
62,-0.890256,0.0180149,-0.0331838,-1.69292,-0.0336794
63,-1.25076,0.0650334,-0.0307928,-1.45417,-0.122041
64,0.562695,0.111636,-0.244122,-1.93658,0.304678
65,-1.59899,0.0629846,-0.155048,-1.98756,0.162768
66,0.373267,0.0462129,-0.220873,-1.67113,0.374785
67,-0.717649,0.0219817,-0.0506366,-1.87695,0.476205
68,1.73262,0.0169041,-0.16279,-1.89007,0.437302
69,-0.374767,0.146505,-0.224356,-1.72917,0.42335
70,-0.352455,0.0155739,-0.187395,-1.61627,-0.131486
71,1.87986,0.189284,-0.0613575,-1.64047,-0.0640397
72,0.99395,0.152834,-0.0675046,-2.07534,0.151534
73,1.1837,0.112811,-0.0538051,-1.80376,0.266588
74,-1.29961,0.0438618,-0.0893339,-1.71531,0.313267
75,-1.25528,0.109393,-0.220559,-1.7788,0.173613
76,-0.695835,0.113642,-0.037959,-1.75738,-0.315098
77,0.0230891,0.0692859,-0.0516262,-1.99965,0.116376
78,-0.561991,0.160048,-0.114922,-1.44466,-0.0413656
79,1.64806,0.101085,-0.142779,-1.55741,-0.311204
80,-0.985005,0.152467,-0.0171624,-1.30325,0.0345859
81,-2.01681,0.215884,-0.100279,-1.31478,0.199258
82,-0.182935,0.144592,-0.174866,-1.34256,0.186061
83,1.56767,0.184462,-0.174899,-1.39836,-0.171383
84,0.0793725,0.0758488,-0.12171,-1.45015,0.361068
85,-1.25487,0.0168217,-0.217278,-1.64534,0.472025
86,0.407259,0.117049,-0.0491524,-1.57109,0.367575
87,-2.02731,0.0228505,-0.105857,-1.91658,-0.339434
88,-1.09063,0.128358,-0.172295,-1.56543,0.258683
89,0.48347,0.180362,-0.162763,-1.44693,-0.0367478
90,1.81266,0.0609374,-0.0269127,-2.06646,0.378752
91,-1.90837,0.14912,-0.0702163,-2.06069,-0.0803076
92,1.04704,0.177367,-0.0555789,-2.06428,0.0537002
93,-0.638681,0.0884352,-0.141726,-1.58498,-0.350052
94,-0.797437,0.155776,-0.205414,-2.06698,0.242672
95,0.333035,0.117474,-0.196307,-2.01302,0.414534
96,-1.30693,0.111262,-0.230488,-1.88257,0.0448794
97,1.33743,0.0481602,-0.192664,-1.45136,-0.0239316
98,-1.60227,0.169597,-0.195282,-2.05967,0.0942126
99,1.41173,0.215816,-0.0475875,-1.69919,0.263267
