0,1.7625,0.172455,-0.118145,-1.77853,-0.00152538,0,-25.5884,123.641,-219.356,-143.334,0,0,0,0,0,0
1,1.7625,0.140085,-0.0574675,-1.92088,-0.0906862,0,-42.9809,-54.8717,53.2764,255.201,0,42281.2,401766,-391878,134927,0.0010101
2,1.7625,0.088813,-0.185321,-1.81301,0.0655828,0,164.25,-604.521,1347.28,-1515.3,0,162878,-945919,1.67294e+06,-1.88772e+06,0.0020202
3,1.7625,0.0772215,-0.150373,-1.78355,0.220218,0,-1096.13,1916.9,-5539.81,5323.11,0,-845944,1.53022e+06,-4.41485e+06,4.46837e+06,0.0030303
4,1.7625,0.106273,-0.176278,-1.56267,-0.0444008,0,2048.39,-4630.52,11163.4,-7298.5,0,1.24036e+06,-2.64021e+06,6.58295e+06,-4.4661e+06,0.0040404
5,1.7625,0.0329692,-0.0951965,-1.79678,0.0832425,0,1337.07,6691.05,-13000,10456.9,0,402577,3.06463e+06,-5.96384e+06,4.52651e+06,0.00505051
6,1.7625,0.0593854,-0.191539,-1.70751,0.161548,0,-11151.7,-2235.13,9761.23,-29220.1,0,-3.91973e+06,-996585,3.70295e+06,-1.02608e+07,0.00606061
7,1.7625,0.164935,-0.154589,-1.78003,0.330947,0,22893.6,-7710.63,-10237.1,60471.3,0,6.96909e+06,-2.28034e+06,-3.0683e+06,1.83972e+07,0.00707071
8,1.7625,0.0722339,-0.0680881,-1.84904,0.0113182,0,-35912.4,8590.59,36746.3,-85701.8,0,-9.47235e+06,2.39096e+06,9.39431e+06,-2.27697e+07,0.00808081
9,1.7625,0.175309,-0.140072,-1.90732,0.287885,0,49878.1,6557.9,-86239.1,102453,0,1.16571e+07,1.39787e+06,-1.99588e+07,2.40136e+07,0.00909091
10,1.7625,0.0337286,-0.176478,-1.60751,0.0510525,0,-51585.3,-23110.4,109104,-104263,0,-1.09027e+07,-4.79875e+06,2.29875e+07,-2.19889e+07,0.010101
11,1.7625,0.168893,-0.105357,-1.90921,0.313712,0,29752.1,34009.2,-62172.4,59452.2,0,5.80521e+06,6.40757e+06,-1.22135e+07,1.16565e+07,0.0111111
12,1.7625,0.122082,-0.138975,-1.75475,0.16543,0,-1498.12,-48687,-27707,27933.4,0,-335859,-8.35873e+06,-4.46585e+06,4.48554e+06,0.0121212
13,1.7625,0.0777166,-0.071559,-1.61127,0.0521319,0,-13044.1,49815.2,97465.7,-60918.6,0,-2.05302e+06,7.99176e+06,1.53646e+07,-9.81828e+06,0.0131313
14,1.7625,0.0801175,-0.181804,-1.72074,0.278767,0,13965,-11926.9,-134532,-27969.6,0,2.07385e+06,-1.91678e+06,-1.97428e+07,-3.71718e+06,0.0141414
15,1.7625,0.0384944,-0.179744,-1.56203,0.323443,0,11527.7,-19449.1,168242,173915,0,1.46778e+06,-2.66602e+06,2.29558e+07,2.34961e+07,0.0151515
16,1.7625,0.046522,-0.0917666,-1.65244,0.155581,0,-32418.9,5224.18,-254653,-349416,0,-4.17319e+06,732369,-3.23506e+07,-4.43388e+07,0.0161616
17,1.7625,0.148472,-0.0602578,-1.51799,0.339421,0,-14262,-14727,322366,501648,0,-1.55365e+06,-1.67248e+06,3.88075e+07,6.02079e+07,0.0171717
18,1.7625,0.162045,-0.0975969,-1.89986,-0.164082,0,70205.3,71704.3,-212165,-448997,0,7.93284e+06,8.03621e+06,-2.44263e+07,-5.12629e+07,0.0181818
19,1.7625,0.0606569,-0.182967,-1.78941,0.139377,0,-68714.7,-90668.2,-38266.5,238835,0,-7.40542e+06,-9.76383e+06,-3.70077e+06,2.59243e+07,0.0191919
20,1.7625,0.0688388,-0.113955,-1.78142,0.10252,0,65666.3,36921.9,373530,-22677.3,0,6.65414e+06,3.86548e+06,3.74858e+07,-2.59359e+06,0.020202
21,1.7625,0.0472614,-0.139472,-1.9158,0.164228,0,-80213.7,64955.1,-734641,-218237,0,-7.75182e+06,6.14153e+06,-7.07036e+07,-2.08051e+07,0.0212121
22,1.7625,0.0946348,-0.161128,-1.51548,0.295476,0,105471,-188450,930709,306962,0,9.68181e+06,-1.72488e+07,8.57893e+07,2.8426e+07,0.0222222
23,1.7625,0.0879946,-0.0804474,-1.91476,0.016298,0,-150884,274609,-869114,-229252,0,-1.32513e+07,2.41591e+07,-7.67832e+07,-2.02536e+07,0.0232323
24,1.7625,0.168414,-0.207203,-1.56493,-0.0938814,0,153076,-296497,673927,396518,0,1.29571e+07,-2.50169e+07,5.70374e+07,3.30908e+07,0.0242424
25,1.7625,0.106819,-0.128398,-1.70186,-0.187053,0,-92949.1,317286,-497198,-683278,0,-7.58258e+06,2.56367e+07,-4.03573e+07,-5.51586e+07,0.0252525
26,1.7625,0.126788,-0.208604,-1.53127,0.149116,0,61754.1,-334429,175946,775874,0,4.78871e+06,-2.60074e+07,1.40611e+07,6.02983e+07,0.0262626
27,1.7625,0.141949,-0.091303,-1.66716,0.0253158,0,-106001,301669,303738,-788313,0,-7.87543e+06,2.26021e+07,2.23987e+07,-5.89602e+07,0.0272727
28,1.7625,0.176554,-0.147739,-1.86362,0.290217,0,168961,-254131,-382971,744163,0,1.21449e+07,-1.83419e+07,-2.78135e+07,5.36963e+07,0.0282828
29,1.7625,0.136537,-0.0836088,-1.63074,0.164596,0,-244634,132111,-17014.7,-834923,0,-1.69482e+07,9.31451e+06,-889358,-5.78808e+07,0.0292929
30,1.7625,0.170643,-0.15178,-1.52371,0.256023,0,315203,125770,288840,1.12675e+06,0,2.11541e+07,8.27268e+06,1.9377e+07,7.55252e+07,0.030303
31,1.7625,0.0724342,-0.19379,-1.61834,-0.0463814,0,-319965,-279031,-373715,-1.1403e+06,0,-2.08033e+07,-1.81361e+07,-2.42134e+07,-7.42372e+07,0.0313131
32,1.7625,0.112479,-0.0676919,-1.60649,0.23638,0,272829,139162,345001,634191,0,1.71957e+07,8.89098e+06,2.17984e+07,4.02641e+07,0.0323232
33,1.7625,0.0411519,-0.0827667,-1.79723,0.0986203,0,-157783,-27201.4,38613.2,-123354,0,-9.69727e+06,-1.62977e+06,2.07891e+06,-7.64444e+06,0.0333333
34,1.7625,0.0633373,-0.15355,-1.84301,-0.0374726,0,31794.6,242040,-412123,124783,0,1.91725e+06,1.41483e+07,-2.431e+07,7.25457e+06,0.0343434
35,1.7625,0.0773289,-0.193897,-1.71099,-0.0790985,0,-5705.64,-523922,307708,-112608,0,-313204,-3.00129e+07,1.7825e+07,-6.60267e+06,0.0353535
36,1.7625,0.0701951,-0.0758194,-1.79553,0.0446211,0,66725.8,552047,-30733,-477728,0,3.68894e+06,3.08605e+07,-1.78519e+06,-2.63194e+07,0.0363636
37,1.7625,0.0634742,-0.170648,-1.87407,0.112606,0,-147497,-335921,-5783.1,1.08437e+06,0,-7.97886e+06,-1.83461e+07,-356194,5.87344e+07,0.0373737
38,1.7625,0.0886751,-0.119516,-1.89549,-0.133147,0,147401,99919.3,-75908.3,-885012,0,7.8138e+06,5.33611e+06,-3.99334e+06,-4.702e+07,0.0383838
39,1.7625,0.0506314,-0.0939394,-1.89418,0.0609755,0,75074.5,-70773.4,155358,-31791.8,0,3.73726e+06,-3.60402e+06,7.95616e+06,-1.27331e+06,0.0393939
40,1.7625,0.0704984,-0.0978043,-1.90919,0.106169,0,-419172,207090,38284.7,888277,0,-2.09233e+07,1.03345e+07,1.75631e+06,4.43526e+07,0.040404
41,1.7625,0.158023,-0.125394,-1.81172,-0.0379603,0,588328,-365187,-725228,-1.31426e+06,0,2.87697e+07,-1.78151e+07,-3.52101e+07,-6.42138e+07,0.0414141
42,1.7625,0.0912877,-0.0899629,-1.68605,0.11577,0,-506707,417328,1.36846e+06,1.27918e+06,0,-2.42402e+07,1.99357e+07,6.52014e+07,6.11464e+07,0.0424242
43,1.7625,0.164274,-0.163973,-1.84562,-0.0691498,0,324647,-360447,-1.58651e+06,-475387,0,1.5179e+07,-1.68157e+07,-7.39383e+07,-2.25188e+07,0.0434343
44,1.7625,0.160445,-0.16234,-1.66607,0.0502289,0,-303704,376872,1.26826e+06,-561079,0,-1.37924e+07,1.7136e+07,5.7926e+07,-2.53557e+07,0.0444444
45,1.7625,0.170226,-0.205874,-1.83704,0.260277,0,503697,-384778,-126782,943784,0,2.23547e+07,-1.71479e+07,-6.05147e+06,4.20067e+07,0.0454545
46,1.7625,0.124597,-0.15994,-1.77038,0.236543,0,-858503,418548,-1.3906e+06,-1.54575e+06,0,-3.72646e+07,1.8183e+07,-6.02021e+07,-6.6998e+07,0.0464646
47,1.7625,0.171646,-0.152282,-1.56143,0.27354,0,1.26544e+06,-607156,1.89347e+06,2.59203e+06,0,5.38193e+07,-2.58111e+07,8.07518e+07,1.10211e+08,0.0474747
48,1.7625,0.037502,-0.0713802,-1.83431,-0.0632983,0,-1.41655e+06,490660,-1.40428e+06,-2.46715e+06,0,-5.90823e+07,2.05628e+07,-5.86768e+07,-1.03129e+08,0.0484848
49,1.7625,0.157868,-0.152287,-1.84048,0.216029,0,1.06229e+06,78975.6,1.63338e+06,963618,0,4.35188e+07,3.0835e+06,6.64843e+07,3.97445e+07,0.0494949
50,1.7625,0.0359402,-0.182935,-1.89407,0.173953,0,-332588,-340715,-2.46404e+06,629004,0,-1.34712e+07,-1.36665e+07,-9.84684e+07,2.49035e+07,0.0505051
51,1.7625,0.0256252,-0.0951393,-1.61396,0.0879919,0,-219258,4675.13,2.40442e+06,-2.03511e+06,0,-8.5442e+06,282823,9.4447e+07,-7.95234e+07,0.0515152
52,1.7625,0.064011,-0.0655606,-1.80079,0.170678,0,496090,346578,-1.30422e+06,3.20829e+06,0,1.9028e+07,1.32943e+07,-5.04289e+07,1.23228e+08,0.0525253
53,1.7625,0.0525665,-0.0923074,-1.68554,-0.154315,0,-577955,-723006,504350,-3.08886e+06,0,-2.18234e+07,-2.71715e+07,1.90475e+07,-1.16724e+08,0.0535354
54,1.7625,0.142655,-0.0866165,-1.5576,0.0931652,0,426931,1.27436e+06,-1.69198e+06,2.47095e+06,0,1.58375e+07,4.70847e+07,-6.21955e+07,9.14923e+07,0.0545455
55,1.7625,0.164374,-0.206086,-1.53355,0.0953931,0,-713620,-1.33077e+06,3.79958e+06,-3.12339e+06,0,-2.58022e+07,-4.84311e+07,1.37799e+08,-1.13261e+08,0.0555556
56,1.7625,0.168683,-0.0922027,-1.90779,0.284655,0,1.26679e+06,919061,-4.35327e+06,4.27892e+06,0,4.51539e+07,3.28592e+07,-1.55438e+08,1.52554e+08,0.0565657
57,1.7625,0.0237728,-0.100117,-1.63666,0.00816348,0,-876842,-931649,3.31532e+06,-4.44735e+06,0,-3.09094e+07,-3.25895e+07,1.16443e+08,-1.55974e+08,0.0575758
58,1.7625,0.108797,-0.0755141,-1.84628,0.311756,0,-374790,1.20426e+06,-1.12176e+06,3.50524e+06,0,-1.27012e+07,4.14618e+07,-3.90718e+07,1.20933e+08,0.0585859
59,1.7625,0.150758,-0.186522,-1.72528,0.14177,0,1.15967e+06,-1.07989e+06,-1.42707e+06,-1.8757e+06,0,3.92356e+07,-3.66109e+07,-4.79967e+07,-6.37751e+07,0.059596
60,1.7625,0.0222755,-0.147292,-1.52845,0.275458,0,-648746,994789,2.52315e+06,-697604,0,-2.1762e+07,3.30825e+07,8.39844e+07,-2.27633e+07,0.0606061
61,1.7625,0.079687,-0.167124,-1.68702,0.26252,0,-354262,-1.08276e+06,-1.97783e+06,2.69574e+06,0,-1.14894e+07,-3.54472e+07,-6.48892e+07,8.81487e+07,0.0616162
62,1.7625,0.154255,-0.0743282,-1.56216,-0.0908109,0,504357,756684,850313,-2.04507e+06,0,1.63082e+07,2.4449e+07,2.75345e+07,-6.61213e+07,0.0626263
63,1.7625,0.100609,-0.1052,-1.56852,-0.041841,0,102418,-190094,-249568,1.20697e+06,0,3.15601e+06,-6.08668e+06,-7.9095e+06,3.81931e+07,0.0636364
64,1.7625,0.0762268,-0.104769,-1.60418,0.0263655,0,-662845,-185171,455515,-1.35998e+06,0,-2.06215e+07,-5.74464e+06,1.4153e+07,-4.24264e+07,0.0646465
65,1.7625,0.104669,-0.0874426,-1.64094,0.231765,0,981387,183595,-659828,547770,0,3.01053e+07,5.66759e+06,-2.02625e+07,1.7002e+07,0.0656566
66,1.7625,0.0532097,-0.11615,-1.6027,0.26887,0,-885344,238469,203705,-665602,0,-2.68167e+07,7.14167e+06,6.26209e+06,-1.99128e+07,0.0666667
67,1.7625,0.114239,-0.127736,-1.64893,0.154137,0,618035,-811992,919603,3.00163e+06,0,1.84166e+07,-2.41186e+07,2.72332e+07,8.90671e+07,0.0676768
68,1.7625,0.135184,-0.0952383,-1.69771,-0.0448168,0,-1.12644e+06,1.12497e+06,-1.67676e+06,-4.02277e+06,0,-3.29237e+07,3.29975e+07,-4.91783e+07,-1.18115e+08,0.0686869
69,1.7625,0.152179,-0.163263,-1.57936,0.230856,0,2.1803e+06,-841607,823278,2.50584e+06,0,6.29301e+07,-2.43983e+07,2.39984e+07,7.26734e+07,0.069697
70,1.7625,0.0377753,-0.1216,-1.65999,0.197819,0,-2.30743e+06,238463,1.07333e+06,-1.49758e+06,0,-6.58222e+07,6.85248e+06,3.03862e+07,-4.26509e+07,0.0707071
71,1.7625,0.172022,-0.113188,-1.74935,0.177947,0,1.40565e+06,-74282.7,-2.65538e+06,2.7874e+06,0,3.95909e+07,-2.06193e+06,-7.44651e+07,7.80562e+07,0.0717172
72,1.7625,0.161676,-0.136041,-1.6712,0.122678,0,-858932,728813,3.00399e+06,-5.30792e+06,0,-2.37897e+07,2.00815e+07,8.3254e+07,-1.46755e+08,0.0727273
73,1.7625,0.171964,-0.145395,-1.87089,0.330109,0,1.02561e+06,-1.74265e+06,-1.13587e+06,6.65428e+06,0,2.79815e+07,-4.75096e+07,-3.13279e+07,1.81754e+08,0.0737374
74,1.7625,0.137867,-0.0673241,-1.80935,0.0204702,0,-1.7092e+06,1.92753e+06,-1.1076e+06,-5.43634e+06,0,-4.59552e+07,5.1988e+07,-2.97273e+07,-1.46697e+08,0.0747475
75,1.7625,0.15893,-0.178828,-1.65374,0.210703,0,2.48657e+06,-1.08938e+06,131235,2.72841e+06,0,6.60492e+07,-2.90527e+07,3.77922e+06,7.27845e+07,0.0757576
76,1.7625,0.026923,-0.176019,-1.743,0.134058,0,-2.00139e+06,472811,3.16512e+06,763911,0,-5.26248e+07,1.24135e+07,8.27274e+07,1.96829e+07,0.0767677
77,1.7625,0.119565,-0.176656,-1.92282,0.161106,0,605822,-559495,-3.58217e+06,-5.28723e+06,0,1.57902e+07,-1.44557e+07,-9.29448e+07,-1.36441e+08,0.0777778
78,1.7625,0.147542,-0.167398,-1.64826,0.330384,0,-332137,1.04726e+06,737817,6.4482e+06,0,-8.42427e+06,2.67049e+07,1.91096e+07,1.6499e+08,0.0787879
79,1.7625,0.115051,-0.190078,-1.5195,-0.161554,0,1.0781e+06,-1.42462e+06,-838171,-262342,0,2.7137e+07,-3.59305e+07,-2.08701e+07,-7.39667e+06,0.079798
80,1.7625,0.0426925,-0.120668,-1.61826,-0.184669,0,-931533,1.13657e+06,4.82018e+06,-5.36159e+06,0,-2.32855e+07,2.83633e+07,1.19706e+08,-1.33436e+08,0.0808081
81,1.7625,0.096768,-0.151192,-1.82523,0.267537,0,-123288,-381289,-7.13048e+06,3.87363e+06,0,-2.95189e+06,-9.44337e+06,-1.75404e+08,9.56316e+07,0.0818182
82,1.7625,0.129929,-0.136412,-1.53439,0.239375,0,549987,-492356,5.52666e+06,-1.81174e+06,0,1.33797e+07,-1.18951e+07,1.34524e+08,-4.39875e+07,0.0828283
83,1.7625,0.0958875,-0.12056,-1.69145,0.164979,0,-126299,707454,-1.92643e+06,3.18855e+06,0,-3.0774e+06,1.70169e+07,-4.65284e+07,7.63636e+07,0.0838384
84,1.7625,0.0939496,-0.187288,-1.63864,0.0372666,0,-118566,704113,-1.98513e+06,-3.50168e+06,0,-2.8225e+06,1.65314e+07,-4.68043e+07,-8.31679e+07,0.0848485
85,1.7625,0.120545,-0.187344,-1.57554,0.223119,0,-282820,-2.86748e+06,3.75581e+06,-1.20826e+06,0,-6.58209e+06,-6.70608e+07,8.804e+07,-2.77793e+07,0.0858586
86,1.7625,0.133002,-0.0869431,-1.80052,0.146216,0,901289,4.18491e+06,-2.82832e+06,8.71504e+06,0,2.0835e+07,9.68799e+07,-6.56071e+07,2.0135e+08,0.0868687
87,1.7625,0.114298,-0.198898,-1.8301,-0.182913,0,-1.65034e+06,-4.22202e+06,1.98007e+06,-1.1404e+07,0,-3.77192e+07,-9.66912e+07,4.53399e+07,-2.61198e+08,0.0878788
88,1.7625,0.142694,-0.0776313,-1.92072,0.265139,0,1.94848e+06,2.83554e+06,-1.74605e+06,6.84494e+06,0,4.41177e+07,6.43132e+07,-3.95339e+07,1.5537e+08,0.0888889
89,1.7625,0.0491917,-0.165953,-1.92332,0.13764,0,-1.39622e+06,-819506,3.60464e+06,-3.16309e+06,0,-3.12889e+07,-1.84516e+07,8.03969e+07,-7.07817e+07,0.089899
90,1.7625,0.042679,-0.188624,-1.90223,-0.00373201,0,1.77611e+06,-373714,-5.65773e+06,5.28417e+06,0,3.92004e+07,-8.23441e+06,-1.25178e+08,1.1664e+08,0.0909091
91,1.7625,0.0423695,-0.178672,-1.55618,-0.179146,0,-3.2239e+06,1.1682e+06,3.90762e+06,-8.09529e+06,0,-7.04594e+07,2.54977e+07,8.57142e+07,-1.77058e+08,0.0919192
92,1.7625,0.153015,-0.186308,-1.52107,0.0272197,0,3.92011e+06,-1.42718e+06,-3.89453e+06,8.87958e+06,0,8.48339e+07,-3.09182e+07,-8.40707e+07,1.92143e+08,0.0929293
93,1.7625,0.0775958,-0.0934515,-1.54471,-0.136769,0,-4.35185e+06,228104,5.21713e+06,-9.07414e+06,0,-9.31131e+07,4.99124e+06,1.11742e+08,-1.94253e+08,0.0939394
94,1.7625,0.143432,-0.0730166,-1.88354,0.0674685,0,5.30279e+06,757076,-338312,8.8054e+06,0,1.12243e+08,1.6029e+07,-7.66614e+06,1.86514e+08,0.0949495
95,1.7625,0.0278338,-0.115875,-1.88615,-0.0922279,0,-5.29402e+06,-1.00302e+06,-6.42228e+06,-8.77421e+06,0,-1.10993e+08,-2.09945e+07,-1.34317e+08,-1.83829e+08,0.0959596
96,1.7625,0.176013,-0.133814,-1.64768,0.0534175,0,3.21687e+06,1.53923e+06,8.29543e+06,1.01261e+07,0,6.68671e+07,3.18796e+07,1.72054e+08,2.09841e+08,0.0969697
97,1.7625,0.11198,-0.191951,-1.84151,-0.10591,0,-1.05535e+06,-1.07312e+06,-6.4765e+06,-1.03264e+07,0,-2.17215e+07,-2.21061e+07,-1.33041e+08,-2.11994e+08,0.0979798
98,1.7625,0.0749597,-0.140318,-1.71771,0.219083,0,212360,135424,2.55885e+06,4.70857e+06,0,4.33566e+06,2.76307e+06,5.2236e+07,9.61193e+07,0.0989899
99,1.7625,0.0383331,-0.0737978,-1.81707,0.075306,0,0,0,0,0,0,0,0,0,0,0.1
0,1.7625,0.124253,-0.143747,-1.7345,-0.0125811,0,-49.3883,118.304,-117.346,614.223,0,0,0,0,0,0
1,1.7625,0.0654164,-0.0722747,-1.81365,0.319696,0,81.2983,-43.8575,104.434,-57.6338,0,364021,243769,-24069.6,2.05871e+06,0.0010101
2,1.7625,0.0326817,-0.151455,-1.73936,-0.15054,0,-672.687,-82.1371,-508.937,-3293.39,0,-1.11047e+06,-281666,-583167,-5.26211e+06,0.0020202
3,1.7625,0.175138,-0.116071,-1.69369,0.219044,0,1180.79,-690.958,605.602,6578.36,0,1.10196e+06,-483078,743619,5.82912e+06,0.0030303
4,1.7625,0.145782,-0.0816544,-1.8509,-0.00193489,0,-1991.81,2405.32,6681.48,-9370.85,0,-1.07871e+06,1.37795e+06,3.35664e+06,-5.41792e+06,0.0040404
5,1.7625,0.10282,-0.13215,-1.88032,-0.0186472,0,6839,-5153.07,-21808.1,22634.8,0,2.92209e+06,-2.25205e+06,-9.6172e+06,9.70271e+06,0.00505051
6,1.7625,0.0318133,-0.113895,-1.51631,-0.126312,0,-12003.1,10475.4,24003.5,-46063.2,0,-4.41643e+06,3.74905e+06,9.11466e+06,-1.66626e+07,0.00606061
7,1.7625,0.166352,-0.182278,-1.75218,0.311037,0,9571.55,-16482.5,-7372.67,43340.1,0,3.05355e+06,-5.05946e+06,-2.50692e+06,1.38509e+07,0.00707071
8,1.7625,0.144589,-0.0969707,-1.84556,-0.0225754,0,-7308.71,20115.5,7928.67,6342.63,0,-1.91756e+06,5.36004e+06,1.88962e+06,1.08492e+06,0.00808081
9,1.7625,0.118225,-0.151419,-1.75676,-0.124098,0,17294.7,-20172.1,-51880.2,-69354.5,0,3.95137e+06,-4.76808e+06,-1.17542e+07,-1.59535e+07,0.00909091
10,1.7625,0.0744369,-0.085823,-1.63168,0.111214,0,-35895.1,11852.3,122230,93385.1,0,-7.43428e+06,2.57332e+06,2.5279e+07,1.96989e+07,0.010101
11,1.7625,0.146936,-0.115719,-1.8948,-0.205404,0,44308.4,4768.46,-178971,-45959.9,0,8.43703e+06,822001,-3.38225e+07,-9.12713e+06,0.0111111
12,1.7625,0.0230514,-0.134459,-1.53087,-0.121207,0,-30473.2,-25107.7,161880,9091.58,0,-5.36677e+06,-4.26399e+06,2.83266e+07,1.48055e+06,0.0121212
13,1.7625,0.0398412,-0.10838,-1.85758,0.120764,0,25468.2,51917.7,-48358,-67060,0,3.99834e+06,8.16181e+06,-8.18555e+06,-1.03621e+07,0.0131313
14,1.7625,0.0645584,-0.163773,-1.84277,0.313608,0,-49208.6,-73353.6,-85570,70097,0,-7.1618e+06,-1.0778e+07,-1.23034e+07,1.06159e+07,0.0141414
15,1.7625,0.142553,-0.0584133,-1.68708,0.0682159,0,51328.2,68003.1,155766,40296.3,0,7.10833e+06,9.37145e+06,2.12894e+07,5.25208e+06,0.0151515
16,1.7625,0.0547915,-0.11453,-1.86548,-0.144344,0,8034.36,-39898.8,-178904,-28701.6,0,841748,-5.18428e+06,-2.28805e+07,-3.99949e+06,0.0161616
17,1.7625,0.0565794,-0.0825518,-1.7825,-0.000769215,0,-86756.5,13345.3,265155,-144242,0,-1.03218e+07,1.63738e+06,3.1617e+07,-1.70065e+07,0.0171717
18,1.7625,0.155805,-0.0655334,-1.86953,0.196108,0,102923,-14253.1,-402123,253495,0,1.17357e+07,-1.58185e+06,-4.54269e+07,2.87271e+07,0.0181818
19,1.7625,0.0532251,-0.0672738,-1.52365,-0.00917442,0,-30365.8,16775.6,373682,-238886,0,-3.41723e+06,1.8261e+06,4.0351e+07,-2.56929e+07,0.0191919
20,1.7625,0.069713,-0.113774,-1.80846,0.0915295,0,-73921.3,-9106.84,-90437.8,300693,0,-7.39429e+06,-921347,-9.71018e+06,3.03535e+07,0.020202
21,1.7625,0.124901,-0.160076,-1.75812,0.091931,0,126351,41039.8,-305174,-595118,0,1.22218e+07,3.89666e+06,-2.90565e+07,-5.70908e+07,0.0212121
22,1.7625,0.0335157,-0.189604,-1.59307,0.337147,0,-89753.9,-62684,603672,853196,0,-8.36518e+06,-5.80764e+06,5.54846e+07,7.86118e+07,0.0222222
23,1.7625,0.0709603,-0.129616,-1.91433,-0.168394,0,41207.7,35626.2,-579154,-679823,0,3.6452e+06,3.16994e+06,-5.12908e+07,-6.03578e+07,0.0232323
24,1.7625,0.0987384,-0.108779,-1.59844,0.131689,0,-43960.9,-37851.1,226697,273899,0,-3.69003e+06,-3.15903e+06,1.95375e+07,2.34253e+07,0.0242424
25,1.7625,0.13419,-0.0989617,-1.62255,0.191301,0,32457.8,59407.1,123924,8016.85,0,2.66518e+06,4.80438e+06,9.83542e+06,480879,0.0252525
26,1.7625,0.117497,-0.133116,-1.73152,0.240868,0,16428.4,-64359.7,-311064,-288604,0,1.23832e+06,-4.99806e+06,-2.40769e+07,-2.21579e+07,0.0262626
27,1.7625,0.105199,-0.133822,-1.67307,0.315217,0,-52623.8,65230.6,382749,396101,0,-3.92183e+06,4.88271e+06,2.86273e+07,2.97461e+07,0.0272727
28,1.7625,0.122993,-0.169689,-1.83644,0.0241171,0,26307.1,-17231.2,-183844,-28206.4,0,1.94596e+06,-1.30347e+06,-1.35213e+07,-2.4145e+06,0.0282828
29,1.7625,0.0908575,-0.157017,-1.73179,-0.0290414,0,65477.2,-15795.1,-246061,-426959,0,4.48703e+06,-1.11807e+06,-1.68384e+07,-2.94963e+07,0.0292929
30,1.7625,0.0594424,-0.104979,-1.61547,0.103199,0,-130557,-109778,487428,600249,0,-8.75986e+06,-7.24619e+06,3.27315e+07,4.0312e+07,0.030303
31,1.7625,0.0961776,-0.0901647,-1.77964,-0.0637888,0,139504,271949,-293295,-387148,0,9.06433e+06,1.76183e+07,-1.92814e+07,-2.53983e+07,0.0313131
32,1.7625,0.0761832,-0.185593,-1.67723,0.081755,0,-113604,-309447,78920.3,149148,0,-7.17215e+06,-1.94775e+07,4.95994e+06,9.38284e+06,0.0323232
33,1.7625,0.11241,-0.145647,-1.52792,0.25092,0,12751.1,272369,-586484,-714967,0,849033,1.66294e+07,-3.52692e+07,-4.30407e+07,0.0333333
34,1.7625,0.104758,-0.206242,-1.51535,0.281205,0,88379.7,-188952,1.5041e+06,1.67834e+06,0,5.20672e+06,-1.12273e+07,8.86102e+07,9.8935e+07,0.0343434
35,1.7625,0.0599524,-0.181242,-1.89294,-0.165814,0,-77788.1,163543,-1.78073e+06,-1.73025e+06,0,-4.49672e+06,9.36181e+06,-1.02374e+08,-9.96478e+07,0.0353535
36,1.7625,0.065807,-0.16657,-1.55542,0.197486,0,127128,-258742,1.29557e+06,1.06286e+06,0,7.02536e+06,-1.43928e+07,7.25838e+07,5.9572e+07,0.0363636
37,1.7625,0.0927134,-0.104142,-1.72677,0.187595,0,-354283,327316,-796604,-513533,0,-1.91251e+07,1.77604e+07,-4.33379e+07,-2.80367e+07,0.0373737
38,1.7625,0.163089,-0.140133,-1.71814,0.327293,0,480201,-305071,644666,-180948,0,2.53814e+07,-1.61377e+07,3.40657e+07,-9.2203e+06,0.0383838
39,1.7625,0.070893,-0.0855708,-1.83569,0.337365,0,-409393,240213,-450782,628467,0,-2.11006e+07,1.23832e+07,-2.33187e+07,3.23692e+07,0.0393939
40,1.7625,0.0948465,-0.0960774,-1.76721,0.0683419,0,277256,-298859,285556,-16670.7,0,1.39551e+07,-1.49267e+07,1.43047e+07,-1.20301e+06,0.040404
41,1.7625,0.0368791,-0.0896943,-1.71089,0.0456267,0,-48405.4,410746,-504917,-1.17991e+06,0,-2.45871e+06,2.00821e+07,-2.45764e+07,-5.73374e+07,0.0414141
42,1.7625,0.034123,-0.183392,-1.6268,0.146017,0,-97940.6,-329781,897865,1.98582e+06,0,-4.67975e+06,-1.57968e+07,4.27449e+07,9.4685e+07,0.0424242
43,1.7625,0.0848501,-0.168965,-1.68949,-0.206632,0,10013.6,225512,-1.16198e+06,-1.68297e+06,0,511254,1.05133e+07,-5.41206e+07,-7.87106e+07,0.0434343
44,1.7625,0.103804,-0.179944,-1.51913,-0.0170838,0,45994.6,-252873,1.0104e+06,1.23927e+06,0,2.10893e+06,-1.14973e+07,4.6127e+07,5.63969e+07,0.0444444
45,1.7625,0.0890051,-0.157835,-1.62593,0.0583229,0,45063.1,190146,-788304,-1.91846e+06,0,1.97378e+06,8.51305e+06,-3.50841e+07,-8.50791e+07,0.0454545
46,1.7625,0.0833086,-0.207384,-1.63714,0.261198,0,43467.5,264804,586293,2.14703e+06,0,1.81696e+06,1.13545e+07,2.56255e+07,9.36669e+07,0.0464646
47,1.7625,0.131222,-0.200783,-1.81217,-0.133136,0,-582009,-936754,150426,-331221,0,-2.46141e+07,-3.976e+07,6.16535e+06,-1.47564e+07,0.0474747
48,1.7625,0.176857,-0.0830065,-1.87882,-0.101528,0,1.16068e+06,1.27754e+06,-952890,-1.82674e+06,0,4.83156e+07,5.32596e+07,-3.96161e+07,-7.58521e+07,0.0484848
49,1.7625,0.0418846,-0.201228,-1.79575,0.211073,0,-1.15345e+06,-1.22427e+06,1.3533e+06,2.5472e+06,0,-4.71901e+07,-5.00307e+07,5.52113e+07,1.04032e+08,0.0494949
50,1.7625,0.161951,-0.11326,-1.9136,0.031423,0,461175,875271,-820047,-1.93271e+06,0,1.86524e+07,3.51313e+07,-3.30863e+07,-7.75752e+07,0.0505051
51,1.7625,0.111383,-0.209646,-1.71471,0.281186,0,297582,-96986.1,-1.01902e+06,493609,0,1.15702e+07,-4.00232e+06,-3.95111e+07,1.9686e+07,0.0515152
52,1.7625,0.0221082,-0.195769,-1.59561,0.323152,0,-433537,-718089,2.53138e+06,457136,0,-1.67219e+07,-2.75041e+07,9.72289e+07,1.75453e+07,0.0525253
53,1.7625,0.0579944,-0.0975899,-1.87638,0.217417,0,215133,1.04512e+06,-2.60829e+06,-98601.9,0,8.14665e+06,3.94188e+07,-9.849e+07,-3.88608e+06,0.0535354
54,1.7625,0.0626098,-0.163416,-1.72518,0.249547,0,-121555,-1.04025e+06,1.73257e+06,-1.17532e+06,0,-4.50196e+06,-3.85187e+07,6.43534e+07,-4.32267e+07,0.0545455
55,1.7625,0.0722271,-0.0954805,-1.89356,0.288333,0,131122,671329,173300,1.5678e+06,0,4.75955e+06,2.45113e+07,5.86558e+06,5.71222e+07,0.0555556
56,1.7625,0.070904,-0.179194,-1.8629,-0.0467535,0,7048.26,266157,-1.59597e+06,57084.6,0,200962,9.30631e+06,-5.69175e+07,1.65415e+06,0.0565657
57,1.7625,0.104136,-0.201714,-1.53439,-0.173554,0,-242059,-993195,102131,-1.20453e+06,0,-8.46105e+06,-3.47757e+07,4.08556e+06,-4.22424e+07,0.0575758
58,1.7625,0.163225,-0.0790232,-1.5744,-0.025049,0,-46636.4,832855,2.09826e+06,1.0055e+06,0,-1.49458e+06,2.87729e+07,7.21044e+07,3.46721e+07,0.0585859
59,1.7625,0.142968,-0.116066,-1.88922,-0.00352348,0,654428,-281056,-1.62583e+06,-1.39428e+06,0,2.20875e+07,-9.58997e+06,-5.53444e+07,-4.70466e+07,0.059596
60,1.7625,0.0656174,-0.104044,-1.77574,0.0382034,0,-764755,-84177.9,-32398.5,1.65992e+06,0,-2.54903e+07,-2.77313e+06,-910891,5.53284e+07,0.0606061
61,1.7625,0.110174,-0.0778348,-1.67044,-0.184147,0,431463,-93905.3,780860,64172.8,0,1.41793e+07,-2.99625e+06,2.55223e+07,1.70532e+06,0.0616162
62,1.7625,0.0888164,-0.105115,-1.67194,-0.169772,0,-132028,609670,-783242,-1.92038e+06,0,-4.2754e+06,1.95727e+07,-2.52592e+07,-6.17404e+07,0.0626263
63,1.7625,0.0767578,-0.1726,-1.56571,0.0839817,0,250913,-562424,-801917,1.91281e+06,0,7.89593e+06,-1.78928e+07,-2.50389e+07,6.07101e+07,0.0636364
64,1.7625,0.0877907,-0.121547,-1.62706,0.0644771,0,-500228,-250405,3.42943e+06,-988924,0,-1.55928e+07,-7.67838e+06,1.06668e+08,-3.09711e+07,0.0646465
65,1.7625,0.153645,-0.113741,-1.90955,0.179899,0,400628,1.16314e+06,-3.64764e+06,-463269,0,1.23324e+07,3.56226e+07,-1.12226e+08,-1.40024e+07,0.0656566
66,1.7625,0.161312,-0.185231,-1.63719,0.226232,0,-380888,-1.25745e+06,1.47889e+06,1.49716e+06,0,-1.14887e+07,-3.80857e+07,4.49893e+07,4.52447e+07,0.0666667
67,1.7625,0.169708,-0.0805349,-1.59357,0.0922612,0,385201,489964,-1.15575e+06,-1.81485e+06,0,1.14973e+07,1.46978e+07,-3.4215e+07,-5.39942e+07,0.0676768
68,1.7625,0.121864,-0.0643383,-1.69207,0.0733614,0,-5901.01,-141816,3.50742e+06,3.60717e+06,0,-230598,-4.13046e+06,1.02585e+08,1.05484e+08,0.0686869
69,1.7625,0.105164,-0.0945762,-1.90544,9.03732e-06,0,-527408,273748,-4.29609e+06,-6.67634e+06,0,-1.51905e+07,7.91583e+06,-1.24346e+08,-1.92698e+08,0.069697
70,1.7625,0.108595,-0.155064,-1.5991,0.316239,0,1.11037e+06,183242,1.71812e+06,8.31699e+06,0,3.15739e+07,5.12802e+06,4.93445e+07,2.36953e+08,0.0707071
71,1.7625,0.0582335,-0.165199,-1.62998,-0.0438393,0,-1.53437e+06,-887321,304513,-7.06197e+06,0,-4.30782e+07,-2.48752e+07,8.53381e+06,-1.98648e+08,0.0717172
72,1.7625,0.121053,-0.115934,-1.79983,0.28129,0,1.24623e+06,1.07128e+06,408364,2.86697e+06,0,3.45938e+07,2.96836e+07,1.11503e+07,7.99469e+07,0.0727273
73,1.7625,0.0411567,-0.163861,-1.87869,0.143338,0,-3607.33,-580240,-700437,1.88071e+06,0,-258157,-1.59297e+07,-1.9236e+07,5.10058e+07,0.0737374
74,1.7625,0.0435617,-0.123887,-1.78685,-0.0530037,0,-1.15227e+06,-298688,372456,-4.52691e+06,0,-3.09898e+07,-7.96494e+06,9.99185e+06,-1.21839e+08,0.0747475
75,1.7625,0.135241,-0.0938351,-1.6566,0.0772235,0,825396,864465,-1.11971e+06,5.64496e+06,0,2.20539e+07,2.29583e+07,-2.96705e+07,1.49972e+08,0.0757576
76,1.7625,0.0795201,-0.131848,-1.5087,-0.131505,0,664988,-1.02289e+06,886833,-5.38319e+06,0,1.72936e+07,-2.68209e+07,2.33936e+07,-1.41315e+08,0.0767677
77,1.7625,0.0458577,-0.10711,-1.53718,0.0893181,0,-1.93503e+06,1.27089e+06,-1.00792e+06,4.05393e+06,0,-5.002e+07,3.28634e+07,-2.59368e+07,1.05045e+08,0.0777778
78,1.7625,0.128294,-0.135865,-1.65489,0.0413006,0,2.37057e+06,-1.90121e+06,2.22114e+06,-3.44245e+06,0,6.05687e+07,-4.85081e+07,5.67047e+07,-8.79552e+07,0.0787879
79,1.7625,0.0541849,-0.0928715,-1.91384,0.147923,0,-2.14468e+06,2.20238e+06,-853346,3.76572e+06,0,-5.41416e+07,5.55791e+07,-2.1798e+07,9.49462e+07,0.079798
80,1.7625,0.126724,-0.20986,-1.92191,0.076555,0,1.18239e+06,-927366,-793609,-4.33709e+06,0,2.95645e+07,-2.32799e+07,-1.97779e+07,-1.07988e+08,0.0808081
81,1.7625,0.0727807,-0.161496,-1.78836,0.225656,0,496816,-1.24715e+06,11992.1,2.68882e+06,0,1.20742e+07,-3.05229e+07,405783,6.64403e+07,0.0818182
82,1.7625,0.0541075,-0.0922178,-1.7292,0.0181531,0,-1.38014e+06,2.10189e+06,1.7187e+06,1.03169e+06,0,-3.35472e+07,5.10971e+07,4.16092e+07,2.48033e+07,0.0828283
83,1.7625,0.16495,-0.202138,-1.69588,-0.161735,0,-62569.4,-725853,-3.88048e+06,-677076,0,-1.30305e+06,-1.75981e+07,-9.29737e+07,-1.65676e+07,0.0838384
84,1.7625,0.148122,-0.165342,-1.53254,-0.00302982,0,2.41051e+06,-1.19271e+06,5.02823e+06,-4.87437e+06,0,5.70269e+07,-2.81852e+07,1.19248e+08,-1.15114e+08,0.0848485
85,1.7625,0.0403485,-0.0789004,-1.675,0.172815,0,-3.38018e+06,1.8445e+06,-5.45285e+06,8.68855e+06,0,-7.92152e+07,4.32334e+07,-1.27722e+08,2.03558e+08,0.0858586
86,1.7625,0.143365,-0.121214,-1.6,-0.193306,0,2.7068e+06,-1.96526e+06,6.1153e+06,-7.63724e+06,0,6.27799e+07,-4.54907e+07,1.41604e+08,-1.77078e+08,0.0868687
87,1.7625,0.0603592,-0.0918013,-1.81076,-0.0492257,0,-1.33424e+06,1.6852e+06,-4.35657e+06,6.24307e+06,0,-3.06381e+07,3.86411e+07,-9.99962e+07,1.42908e+08,0.0878788
88,1.7625,0.0716728,-0.189278,-1.63493,-0.114872,0,578261,224419,-1.20367e+06,-5.28709e+06,0,1.30913e+07,4.89159e+06,-2.67763e+07,-1.19787e+08,0.0888889
89,1.7625,0.086123,-0.190573,-1.63051,0.147858,0,-963328,-1.69365e+06,6.89998e+06,1.33131e+06,0,-2.15005e+07,-3.78948e+07,1.54123e+08,3.0158e+07,0.089899
90,1.7625,0.103894,-0.0558345,-1.90353,0.146291,0,1.05199e+06,250451,-8.74599e+06,3.0722e+06,0,2.33181e+07,5.72233e+06,-1.93539e+08,6.77918e+07,0.0909091
91,1.7625,0.02998,-0.0559546,-1.69034,0.0104765,0,944265,1.78929e+06,6.87743e+06,-5.39588e+06,0,2.04599e+07,3.90823e+07,1.50676e+08,-1.17961e+08,0.0919192
92,1.7625,0.0387868,-0.145566,-1.88304,0.0914785,0,-3.83823e+06,-1.8387e+06,-3.7659e+06,7.91037e+06,0,-8.29193e+07,-3.98541e+07,-8.16764e+07,1.70994e+08,0.0929293
93,1.7625,0.17314,-0.0943982,-1.86757,-0.0506751,0,5.06486e+06,797697,4.06976e+06,-8.67953e+06,0,1.08426e+08,1.7136e+07,8.69094e+07,-1.85912e+08,0.0939394
94,1.7625,0.0550883,-0.0942767,-1.80957,0.290322,0,-4.78835e+06,-43307.3,-8.38862e+06,5.37452e+06,0,-1.01439e+08,-944087,-1.77375e+08,1.14094e+08,0.0949495
95,1.7625,0.143606,-0.0946985,-1.54568,0.271971,0,4.14326e+06,-193952,8.60168e+06,-3.38046e+06,0,8.68605e+07,-4.06443e+06,1.80498e+08,-7.07867e+07,0.0959596
96,1.7625,0.0562006,-0.0784282,-1.87963,0.25704,0,-2.78012e+06,28257.5,-1.64036e+06,4.66686e+06,0,-5.77524e+07,603765,-3.45186e+07,9.66727e+07,0.0969697
97,1.7625,0.130835,-0.0753824,-1.89479,0.116312,0,1.01752e+06,71104.1,-4.45315e+06,-5.66233e+06,0,2.09611e+07,1.46622e+06,-9.12293e+07,-1.16176e+08,0.0979798
98,1.7625,0.148854,-0.0858509,-1.67586,0.205695,0,-120050,-2684.53,2.93772e+06,2.89412e+06,0,-2.45064e+06,-54545.2,5.99708e+07,5.90824e+07,0.0989899
99,1.7625,0.15127,-0.0984375,-1.82209,-0.0180976,0,0,0,0,0,0,0,0,0,0,0.1
0,1.7625,0.11809,-0.123791,-1.81361,-0.00663708,0,18.3418,-45.5193,279.093,-122.212,0,0,0,0,0,0
1,1.7625,0.125859,-0.16626,-1.60751,-0.0102444,0,-11.9699,45.8756,-241.273,104.835,0,66519.7,139678,-138602,-959904,0.0010101
2,1.7625,0.101903,-0.170936,-1.72826,0.302274,0,144.965,-184.665,1772.73,324.005,0,88846.1,-367913,2.13247e+06,1.17688e+06,0.0020202
3,1.7625,0.125646,-0.0964981,-1.84958,0.100152,0,-1784.08,573.046,-7094.34,3068.39,0,-1.29534e+06,453529,-5.80607e+06,2.13126e+06,0.0030303
4,1.7625,0.148922,-0.0631604,-1.53245,-0.0583008,0,6326.4,-3259.68,13455,-8426.07,0,3.55701e+06,-1.70798e+06,7.90424e+06,-5.0155e+06,0.0040404
5,1.7625,0.029692,-0.0611795,-1.73618,0.220729,0,-11507.3,9963.2,-15984,1551.51,0,-5.16963e+06,4.35974e+06,-7.3245e+06,1.20855e+06,0.00505051
6,1.7625,0.163246,-0.200712,-1.57008,0.129686,0,10522.5,-15598.8,12529.2,11695.6,0,4.0069e+06,-5.72079e+06,4.74186e+06,4.25048e+06,0.00606061
7,1.7625,0.06064,-0.092478,-1.62698,-0.194069,0,1459.43,12430.9,-13772.2,5558.4,0,238796,3.97755e+06,-4.12437e+06,1.16718e+06,0.00707071
8,1.7625,0.0428867,-0.181238,-1.68623,-0.154765,0,-17359.5,4046.75,23708.5,-40799.9,0,-4.53191e+06,867595,6.2766e+06,-1.07397e+07,0.00808081
9,1.7625,0.141176,-0.197877,-1.87898,0.204226,0,23622.9,-24489.9,-15203.5,39952.3,0,5.57572e+06,-5.65886e+06,-3.78056e+06,9.60075e+06,0.00909091
10,1.7625,0.0652958,-0.0859074,-1.82616,0.136141,0,-17737.6,29032.9,8662.56,-24005.3,0,-3.78518e+06,6.1517e+06,1.70367e+06,-5.04568e+06,0.010101
11,1.7625,0.0953293,-0.165404,-1.67755,0.0992063,0,2600.46,-13373.2,-60520.5,12768.1,0,586582,-2.64523e+06,-1.10878e+07,2.5314e+06,0.0111111
12,1.7625,0.0781599,-0.14668,-1.57031,-0.0311091,0,21867.5,-14776.9,118577,66516.9,0,3.6779e+06,-2.43369e+06,2.04552e+07,1.09734e+07,0.0121212
13,1.7625,0.0415894,-0.131506,-1.86856,-0.0205306,0,-44370.1,47874.3,-99925.9,-222536,0,-7.01509e+06,7.51613e+06,-1.61118e+07,-3.48843e+07,0.0131313
14,1.7625,0.113451,-0.200667,-1.7604,0.325343,0,41572.5,-72977,73263,325819,0,6.18575e+06,-1.07036e+07,1.07404e+07,4.79115e+07,0.0141414
15,1.7625,0.0453833,-0.118538,-1.69924,-0.10881,0,-16100.2,87182,-140566,-255629,0,-2.27264e+06,1.19195e+07,-1.89702e+07,-3.54593e+07,0.0151515
16,1.7625,0.0302859,-0.182657,-1.58622,0.202771,0,88.126,-90181.1,238371,23357.1,0,15457,-1.15704e+07,3.04061e+07,3.59061e+06,0.0161616
17,1.7625,0.0371148,-0.095764,-1.83173,0.223463,0,28457.3,77658.1,-202915,149277,0,3.31832e+06,9.37906e+06,-2.46931e+07,1.78898e+07,0.0171717
18,1.7625,0.0724721,-0.130156,-1.58241,-0.100474,0,-90770.6,-67951.4,-8522.45,-52746.1,0,-1.01867e+07,-7.70596e+06,-516032,-6.38804e+06,0.0181818
19,1.7625,0.17149,-0.0993247,-1.53678,-0.0543461,0,116673,76687.2,256301,-57723.8,0,1.2544e+07,8.19999e+06,2.71836e+07,-6.25738e+06,0.0191919
20,1.7625,0.0909614,-0.1308,-1.70755,0.223207,0,-71537.8,-108098,-470676,-155794,0,-7.37278e+06,-1.09372e+07,-4.76055e+07,-1.53284e+07,0.020202
21,1.7625,0.130528,-0.0935471,-1.51914,0.304954,0,-3155.69,127067,627780,450184,0,-214737,1.2308e+07,6.06334e+07,4.33505e+07,0.0212121
22,1.7625,0.144103,-0.189958,-1.87465,-0.0260545,0,80349.4,-84710.8,-674388,-517644,0,7.32883e+06,-7.89605e+06,-6.22125e+07,-4.78062e+07,0.0222222
23,1.7625,0.119776,-0.169024,-1.66973,0.154633,0,-187037,34371.6,708959,442595,0,-1.63481e+07,3.05021e+06,6.24048e+07,3.91023e+07,0.0232323
24,1.7625,0.16337,-0.157905,-1.9009,-0.0142013,0,313939,-5793.48,-758487,-224583,0,2.63846e+07,-521131,-6.39766e+07,-1.926e+07,0.0242424
25,1.7625,0.0319345,-0.130774,-1.63791,0.13288,0,-391306,-71558.6,698935,-103060,0,-3.16328e+07,-5.68955e+06,5.66752e+07,-8.08706e+06,0.0252525
26,1.7625,0.144618,-0.119181,-1.86762,0.271227,0,401795,148087,-439343,246274,0,3.12482e+07,1.1491e+07,-3.44453e+07,1.917e+07,0.0262626
27,1.7625,0.0222742,-0.20591,-1.70701,0.169751,0,-285688,-58766.3,180916,-261023,0,-2.15247e+07,-4.54718e+06,1.3619e+07,-1.9477e+07,0.0272727
28,1.7625,0.140686,-0.153842,-1.60071,0.161625,0,17306.4,-183384,-268154,375389,0,1.45611e+06,-1.30392e+07,-1.91203e+07,2.69459e+07,0.0282828
29,1.7625,0.161994,-0.0866408,-1.54522,0.0417543,0,195870,392782,509510,-578431,0,1.35598e+07,2.72262e+07,3.53311e+07,-4.00754e+07,0.0292929
30,1.7625,0.0688193,-0.190735,-1.71029,0.111105,0,-249831,-463130,-686258,743415,0,-1.678e+07,-3.11156e+07,-4.59916e+07,4.98927e+07,0.030303
31,1.7625,0.0969919,-0.0770915,-1.63634,-0.130447,0,273810,408932,841425,-700442,0,1.77659e+07,2.66241e+07,5.46054e+07,-4.56028e+07,0.0313131
32,1.7625,0.0389592,-0.152782,-1.86746,-0.0264022,0,-190740,-335182,-833832,764984,0,-1.21076e+07,-2.1105e+07,-5.25222e+07,4.79598e+07,0.0323232
33,1.7625,0.127864,-0.116078,-1.73541,-0.0508142,0,-77436.3,353205,780560,-1.01647e+06,0,-4.57064e+06,2.14957e+07,4.75692e+07,-6.18877e+07,0.0333333
34,1.7625,0.175688,-0.162253,-1.8233,0.250711,0,236305,-399036,-645124,631372,0,1.39819e+07,-2.35968e+07,-3.82969e+07,3.77747e+07,0.0343434
35,1.7625,0.0949699,-0.0759007,-1.61464,0.0363952,0,-188375,289150,263193,300127,0,-1.08532e+07,1.67031e+07,1.53004e+07,1.68698e+07,0.0353535
36,1.7625,0.0929697,-0.141075,-1.56479,-0.159935,0,120732,-20356.4,-364405,-586547,0,6.7571e+06,-1.25546e+06,-2.0069e+07,-3.28682e+07,0.0363636
37,1.7625,0.0583759,-0.152813,-1.65831,0.0229589,0,-98273.6,-125119,1.20525e+06,117989,0,-5.33196e+06,-6.79927e+06,6.50421e+07,6.62815e+06,0.0373737
38,1.7625,0.0425116,-0.0863561,-1.89715,0.0658828,0,233247,-55131.7,-1.65211e+06,208031,0,1.22264e+07,-2.79023e+06,-8.733e+07,1.09781e+07,0.0383838
39,1.7625,0.0334863,-0.0872599,-1.56712,-0.0117534,0,-399096,340914,1.43064e+06,-354559,0,-2.05171e+07,1.74678e+07,7.37131e+07,-1.81552e+07,0.0393939
40,1.7625,0.136028,-0.158812,-1.62611,-0.0589102,0,399395,-394859,-1.70308e+06,1.14438e+06,0,2.00481e+07,-1.98411e+07,-8.51329e+07,5.69658e+07,0.040404
41,1.7625,0.129356,-0.091336,-1.53129,-0.10173,0,-493179,190405,2.52298e+06,-2.23734e+06,0,-2.40458e+07,9.40088e+06,1.23172e+08,-1.0918e+08,0.0414141
42,1.7625,0.167925,-0.110557,-1.90195,0.296492,0,680123,106283,-2.73724e+06,2.44894e+06,0,3.24294e+07,4.98616e+06,-1.30757e+08,1.17018e+08,0.0424242
43,1.7625,0.0682283,-0.122588,-1.5745,0.0295095,0,-781729,-478232,2.3667e+06,-2.17164e+06,0,-3.64115e+07,-2.21673e+07,1.1041e+08,-1.01244e+08,0.0434343
44,1.7625,0.115052,-0.0954846,-1.73573,0.155097,0,928830,859843,-2.28864e+06,2.32893e+06,0,4.22387e+07,3.90707e+07,-1.04151e+08,1.05935e+08,0.0444444
45,1.7625,0.0235475,-0.209664,-1.55971,-0.0541757,0,-951085,-911764,2.1513e+06,-2.39861e+06,0,-4.23784e+07,-4.06397e+07,9.58898e+07,-1.06843e+08,0.0454545
46,1.7625,0.145703,-0.0991225,-1.86518,0.24283,0,668637,493502,-803012,1.35732e+06,0,2.92011e+07,2.16318e+07,-3.54836e+07,5.95187e+07,0.0464646
47,1.7625,0.107392,-0.15218,-1.72573,0.0493185,0,-394995,3831.27,-1.36823e+06,216458,0,-1.68592e+07,78978.6,-5.77909e+07,8.91478e+06,0.0474747
48,1.7625,0.12273,-0.198734,-1.52234,-0.115528,0,298903,-239563,2.14636e+06,-432762,0,1.24725e+07,-9.9679e+06,8.96395e+07,-1.82537e+07,0.0484848
49,1.7625,0.098742,-0.193088,-1.90652,0.0321752,0,-317850,552923,-448766,-414902,0,-1.29633e+07,2.24669e+07,-1.89158e+07,-1.67875e+07,0.0494949
50,1.7625,0.106998,-0.199344,-1.87044,0.201223,0,523173,-869352,-1.31297e+06,339315,0,2.08656e+07,-3.47674e+07,-5.23973e+07,1.37641e+07,0.0505051
51,1.7625,0.0820371,-0.0589216,-1.5458,0.140234,0,-792739,398452,815038,539954,0,-3.10517e+07,1.5831e+07,3.23003e+07,2.10157e+07,0.0515152
52,1.7625,0.159866,-0.116992,-1.60921,0.0528663,0,905679,538914,563534,-1.01883e+06,0,3.48262e+07,2.05722e+07,2.14822e+07,-3.91602e+07,0.0525253
53,1.7625,0.109164,-0.209515,-1.73026,0.138725,0,-1.01158e+06,-921286,-1.42829e+06,1.08861e+06,0,-3.81266e+07,-3.47681e+07,-5.37551e+07,4.10631e+07,0.0535354
54,1.7625,0.162096,-0.12545,-1.69154,0.0840353,0,1.11679e+06,778386,2.59721e+06,-1.57967e+06,0,4.13401e+07,2.88525e+07,9.58608e+07,-5.83091e+07,0.0545455
55,1.7625,0.0714592,-0.156224,-1.81387,0.10677,0,-809015,-581397,-4.07541e+06,2.84231e+06,0,-2.95059e+07,-2.11571e+07,-1.47882e+08,1.03028e+08,0.0555556
56,1.7625,0.147093,-0.113251,-1.51642,-0.0787063,0,-50793.1,320460,4.17874e+06,-3.14863e+06,0,-1.63781e+06,1.14913e+07,1.49298e+08,-1.12517e+08,0.0565657
57,1.7625,0.146288,-0.133766,-1.88054,0.280326,0,774436,-18385.2,-1.97305e+06,1.08867e+06,0,2.70921e+07,-683917,-6.96741e+07,3.86514e+07,0.0575758
58,1.7625,0.0400821,-0.144521,-1.74605,0.241313,0,-618330,-157909,-292257,1.05041e+06,0,-2.13983e+07,-5.42456e+06,-9.88931e+06,3.60178e+07,0.0585859
59,1.7625,0.0859375,-0.134847,-1.52872,0.0363387,0,-136096,77824.8,181337,-1.32078e+06,0,-4.48671e+06,2.67245e+06,6.34846e+06,-4.47946e+07,0.059596
60,1.7625,0.0981792,-0.163058,-1.53557,0.0769386,0,983682,62752.4,1.15622e+06,1.16782e+06,0,3.26208e+07,2.08646e+06,3.8313e+07,3.88322e+07,0.0606061
61,1.7625,0.0553436,-0.207694,-1.61003,0.0581706,0,-1.51993e+06,564134,-2.60657e+06,-1.93823e+06,0,-4.97264e+07,1.82917e+07,-8.50955e+07,-6.32721e+07,0.0616162
62,1.7625,0.176628,-0.186129,-1.53552,0.115756,0,1.19914e+06,-1.88931e+06,3.35268e+06,3.60208e+06,0,3.87267e+07,-6.06606e+07,1.07991e+08,1.15723e+08,0.0626263
63,1.7625,0.103509,-0.0559287,-1.85863,-0.0296556,0,-540304,2.67406e+06,-2.13198e+06,-5.44847e+06,0,-1.71774e+07,8.47065e+07,-6.78395e+07,-1.72434e+08,0.0636364
64,1.7625,0.0789957,-0.20475,-1.80849,0.253029,0,277059,-2.35153e+06,1.06335e+06,6.74709e+06,0,8.64898e+06,-7.34415e+07,3.31439e+07,2.10304e+08,0.0646465
65,1.7625,0.0460686,-0.0750971,-1.7392,-0.0285833,0,-74299.4,1.04354e+06,-1.26212e+06,-7.69959e+06,0,-2.3219e+06,3.22518e+07,-3.87216e+07,-2.36289e+08,0.0656566
66,1.7625,0.0443359,-0.138843,-1.58325,0.28588,0,-78209.3,694644,813961,7.14113e+06,0,-2.36952e+06,2.08063e+07,2.47441e+07,2.16151e+08,0.0666667
67,1.7625,0.0658995,-0.197065,-1.59535,-0.169745,0,-134520,-1.91032e+06,-74366.5,-3.24147e+06,0,-3.96251e+06,-5.68078e+07,-2.2481e+06,-9.7172e+07,0.0676768
68,1.7625,0.0698514,-0.0951883,-1.62496,-0.0209326,0,664270,2.06484e+06,-318921,-214106,0,1.94151e+07,6.06251e+07,-9.30335e+06,-6.16177e+06,0.0686869
69,1.7625,0.0586694,-0.207135,-1.65414,0.278358,0,-881058,-1.0361e+06,1.28179e+06,-1.58783e+06,0,-2.54981e+07,-3.0127e+07,3.69032e+07,-4.53979e+07,0.069697
70,1.7625,0.153896,-0.141758,-1.69073,0.305708,0,-146551,-413908,-2.43105e+06,4.55616e+06,0,-3.989e+06,-1.16659e+07,-6.91833e+07,1.2971e+08,0.0707071
71,1.7625,0.141487,-0.075335,-1.56213,-0.0828068,0,1.59796e+06,1.17391e+06,2.93399e+06,-2.98811e+06,0,4.4779e+07,3.29485e+07,8.23983e+07,-8.43627e+07,0.0717172
72,1.7625,0.0286122,-0.116596,-1.6547,0.0652699,0,-2.06622e+06,-1.62957e+06,-3.08832e+06,-438618,0,-5.72415e+07,-4.50695e+07,-8.55206e+07,-1.19037e+07,0.0727273
73,1.7625,0.10082,-0.0831436,-1.54596,0.221171,0,1.60058e+06,2.30439e+06,2.86347e+06,2.15297e+06,0,4.37929e+07,6.28775e+07,7.82711e+07,5.87239e+07,0.0737374
74,1.7625,0.0240221,-0.176418,-1.66697,0.207026,0,-740157,-2.52731e+06,-1.76852e+06,-4.09278e+06,0,-2.00272e+07,-6.81158e+07,-4.77942e+07,-1.09992e+08,0.0747475
75,1.7625,0.0270931,-0.0717684,-1.59707,0.29149,0,334852,1.52381e+06,-411133,5.09755e+06,0,8.88838e+06,4.06616e+07,-1.06799e+07,1.35593e+08,0.0757576
76,1.7625,0.047042,-0.159322,-1.62004,-0.0936025,0,-451572,253034,2.27455e+06,-3.56342e+06,0,-1.18358e+07,6.48164e+06,5.95787e+07,-9.36381e+07,0.0767677
77,1.7625,0.0917461,-0.209778,-1.80805,-0.174517,0,484180,-715552,-1.50615e+06,5.46849e+06,0,1.25361e+07,-1.85983e+07,-3.91993e+07,1.41054e+08,0.0777778
78,1.7625,0.102786,-0.114475,-1.73647,-0.174356,0,-681083,-954946,-1.12932e+06,-1.1516e+07,0,-1.73671e+07,-2.41972e+07,-2.86272e+07,-2.93742e+08,0.0787879
79,1.7625,0.126995,-0.0778553,-1.68402,0.301978,0,910679,2.86843e+06,3.10211e+06,1.46532e+07,0,2.29711e+07,7.22508e+07,7.81615e+07,3.69641e+08,0.079798
80,1.7625,0.0898834,-0.195745,-1.81848,-0.206084,0,-490422,-3.32703e+06,-3.17143e+06,-1.05572e+07,0,-1.22841e+07,-8.29071e+07,-7.90773e+07,-2.63617e+08,0.0808081
81,1.7625,0.126039,-0.0730649,-1.69496,0.295862,0,-978941,2.48155e+06,1.93701e+06,-288391,0,-2.39222e+07,6.11394e+07,4.77583e+07,-6.06758e+06,0.0818182
82,1.7625,0.129329,-0.133867,-1.72055,0.336746,0,2.96296e+06,-1.29974e+06,124927,1.08518e+07,0,7.18512e+07,-3.16631e+07,2.83386e+06,2.63102e+08,0.0828283
83,1.7625,0.0221505,-0.104365,-1.65457,-0.143515,0,-3.82712e+06,379726,-3.18232e+06,-1.52215e+07,0,-9.18743e+07,9.16691e+06,-7.61353e+07,-3.65281e+08,0.0838384
84,1.7625,0.163429,-0.101164,-1.53034,0.282855,0,3.31668e+06,-115784,4.60153e+06,1.5566e+07,0,7.87155e+07,-2.73129e+06,1.09171e+08,3.69176e+08,0.0848485
85,1.7625,0.105591,-0.120021,-1.74564,-0.0956703,0,-2.75815e+06,732847,-3.84695e+06,-1.3654e+07,0,-6.46538e+07,1.71018e+07,-9.02124e+07,-3.20216e+08,0.0858586
86,1.7625,0.170837,-0.129795,-1.74887,0.330936,0,1.89246e+06,-1.28101e+06,3.04643e+06,9.99757e+06,0,4.39302e+07,-2.96656e+07,7.06046e+07,2.31806e+08,0.0868687
87,1.7625,0.0865548,-0.0579206,-1.90381,0.196447,0,-319444,755543,-1.68336e+06,-8.16675e+06,0,-7.42305e+06,1.73697e+07,-3.86704e+07,-1.86943e+08,0.0878788
88,1.7625,0.0580809,-0.0718206,-1.90633,0.334768,0,-902450,-716001,218251,6.95161e+06,0,-2.03735e+07,-1.61354e+07,4.99676e+06,1.57493e+08,0.0888889
89,1.7625,0.0742418,-0.124548,-1.91126,0.0438752,0,1.8457e+06,2.29127e+06,1.76232e+06,-4.18973e+06,0,4.12267e+07,5.11341e+07,3.92362e+07,-9.39254e+07,0.089899
90,1.7625,0.0413064,-0.208728,-1.88056,0.00113294,0,-2.67557e+06,-2.80232e+06,-4.82844e+06,4.25126e+06,0,-5.91642e+07,-6.20705e+07,-1.06641e+08,9.38713e+07,0.0909091
91,1.7625,0.123758,-0.0816549,-1.70659,-0.0323721,0,2.98044e+06,1.08307e+06,7.19609e+06,-4.85041e+06,0,6.52089e+07,2.38388e+07,1.57352e+08,-1.06244e+08,0.0919192
92,1.7625,0.0737858,-0.0725462,-1.82794,0.27472,0,-2.52131e+06,350039,-7.99311e+06,-697943,0,-5.46237e+07,7.54483e+06,-1.72988e+08,-1.45555e+07,0.0929293
93,1.7625,0.167513,-0.105259,-1.5864,0.274978,0,657947,-552913,6.08943e+06,5.06329e+06,0,1.42434e+07,-1.18431e+07,1.30575e+08,1.0843e+08,0.0939394
94,1.7625,0.14742,-0.100655,-1.73212,-0.136178,0,776810,-377635,-4.03275e+06,473732,0,1.64459e+07,-7.89789e+06,-8.5426e+07,9.43707e+06,0.0949495
95,1.7625,0.0476846,-0.146101,-1.78021,-0.171083,0,480290,2.97639e+06,5.53342e+06,-8.55377e+06,0,9.91752e+06,6.21763e+07,1.15761e+08,-1.78927e+08,0.0959596
96,1.7625,0.0319618,-0.208577,-1.90388,0.112556,0,-1.72999e+06,-5.45345e+06,-8.14975e+06,1.1545e+07,0,-3.58803e+07,-1.12995e+08,-1.68883e+08,2.39364e+08,0.0969697
97,1.7625,0.136577,-0.0571527,-1.72717,-0.128699,0,286623,5.01926e+06,9.03242e+06,-9.6401e+06,0,6.02709e+06,1.03121e+08,1.85348e+08,-1.98036e+08,0.0979798
98,1.7625,0.134362,-0.20261,-1.9177,0.139172,0,541750,-1.91785e+06,-4.49599e+06,3.77973e+06,0,1.1061e+07,-3.91496e+07,-9.17828e+07,7.71572e+07,0.0989899
99,1.7625,0.0243141,-0.186852,-1.63034,0.0801049,0,0,0,0,0,0,0,0,0,0,0.1
0,1.7625,0.159093,-0.145705,-1.63889,0.0446616,0,-93.9053,-27.6799,55.4924,-170.927,0,0,0,0,0,0
1,1.7625,0.0863068,-0.171519,-1.5715,-0.0237413,0,75.6326,-5.54918,-242.629,136.116,0,76142.8,18584.9,-723652,-618164,0.0010101
2,1.7625,0.114739,-0.185591,-1.5818,0.219738,0,-439.09,195.065,1873.84,560.883,0,-585718,180024,2.81896e+06,1.03868e+06,0.0020202
3,1.7625,0.173705,-0.167988,-1.89484,0.182745,0,913.519,-1229.64,-3249.12,-2982.49,0,867341,-946499,-3.13993e+06,-2.13257e+06,0.0030303
4,1.7625,0.0925918,-0.122072,-1.67754,0.0866068,0,927.495,3844.86,-2389.29,9588.67,0,380961,2.16328e+06,-970249,5.44178e+06,0.0040404
5,1.7625,0.0806743,-0.168669,-1.60459,-0.203396,0,-5531.35,-8054.13,11448.4,-15311.8,0,-2.403e+06,-3.55557e+06,5.09905e+06,-6.96848e+06,0.00505051
6,1.7625,0.158055,-0.0897599,-1.82859,-0.0663526,0,7175.23,9598.89,-12492.3,27206.7,0,2.70212e+06,3.59779e+06,-4.70667e+06,9.60135e+06,0.00606061
7,1.7625,0.0698472,-0.20052,-1.76466,-0.0310219,0,-55.4139,514.12,2403.08,-68085.1,0,-164572,-69249.6,928621,-2.03988e+07,0.00707071
8,1.7625,0.0639101,-0.185097,-1.79663,0.274487,0,-12133.8,-21038.2,11662.8,127934,0,-3.14401e+06,-5.43573e+06,3.01302e+06,3.37168e+07,0.00808081
9,1.7625,0.123978,-0.0794857,-1.89272,-0.185264,0,23810.6,35371,-3957.91,-177680,0,5.52549e+06,8.29467e+06,-1.15751e+06,-4.15574e+07,0.00909091
10,1.7625,0.0736891,-0.204026,-1.78652,0.274002,0,-33423.1,-32731.5,-24414.1,213728,0,-6.9842e+06,-6.94295e+06,-5.00215e+06,4.4739e+07,0.010101
11,1.7625,0.157702,-0.139436,-1.60854,-0.113028,0,30238.8,25798.1,16130.4,-253206,0,5.8126e+06,4.90376e+06,3.27517e+06,-4.78592e+07,0.0111111
12,1.7625,0.0817378,-0.14382,-1.67858,0.255247,0,-16266,-27323.9,19625,294249,0,-2.86102e+06,-4.71212e+06,3.31449e+06,5.08261e+07,0.0121212
13,1.7625,0.0601474,-0.0929869,-1.80993,-0.167419,0,20428.1,18572.6,-33413.6,-299703,0,3.17791e+06,3.03531e+06,-5.30887e+06,-4.77878e+07,0.0131313
14,1.7625,0.0580643,-0.143006,-1.82767,0.20032,0,-38011.6,14265.4,74465,256058,0,-5.56751e+06,1.98669e+06,1.07348e+07,3.78807e+07,0.0141414
15,1.7625,0.132064,-0.170127,-1.84109,-0.0214863,0,37295,-34303.6,-129303,-186047,0,5.14547e+06,-4.71329e+06,-1.76718e+07,-2.56795e+07,0.0151515
16,1.7625,0.105988,-0.0928473,-1.59846,0.132426,0,-24457.3,10312.4,129156,77834.8,0,-3.15605e+06,1.4154e+06,1.66007e+07,1.02671e+07,0.0161616
17,1.7625,0.118616,-0.0928234,-1.61167,0.0426672,0,8740.43,14939.7,-131278,31260.4,0,1.09048e+06,1.79356e+06,-1.57374e+07,3.63094e+06,0.0171717
18,1.7625,0.102711,-0.140704,-1.51689,-0.0946367,0,14468.1,-16655.2,157601,-25920.2,0,1.59993e+06,-1.88779e+06,1.78442e+07,-3.08943e+06,0.0181818
19,1.7625,0.0850698,-0.164575,-1.60504,-0.0509324,0,-49759.6,35248.4,-170324,-57894,0,-5.27053e+06,3.72494e+06,-1.82612e+07,-6.10238e+06,0.0191919
20,1.7625,0.0900683,-0.185825,-1.51248,0.0286925,0,99413.8,-82234.3,87452.8,185800,0,1.00445e+07,-8.29335e+06,9.13245e+06,1.86602e+07,0.020202
21,1.7625,0.0282615,-0.159551,-1.65622,0.0531138,0,-104070,169111,93742.4,-436874,0,-1.01277e+07,1.62207e+07,8.85532e+06,-4.18911e+07,0.0212121
22,1.7625,0.115511,-0.205586,-1.8058,0.266141,0,14211.2,-279466,-183818,553399,0,1.45494e+06,-2.56725e+07,-1.69688e+07,5.11642e+07,0.0222222
23,1.7625,0.113337,-0.0639143,-1.72728,-0.144337,0,87543.3,299900,244658,-316515,0,7.65079e+06,2.64946e+07,2.14247e+07,-2.82635e+07,0.0232323
24,1.7625,0.0451913,-0.209707,-1.72568,-0.116156,0,-112024,-185111,-411792,154887,0,-9.47014e+06,-1.57687e+07,-3.45664e+07,1.30019e+07,0.0242424
25,1.7625,0.084486,-0.157096,-1.5401,-0.0162693,0,98717.7,49031.2,471660,-199356,0,7.99223e+06,4.05074e+06,3.82389e+07,-1.61197e+07,0.0252525
26,1.7625,0.0692567,-0.137661,-1.7395,0.201987,0,-88310,27386.2,-371996,54664.8,0,-6.87709e+06,2.09116e+06,-2.90027e+07,4.4911e+06,0.0262626
27,1.7625,0.107033,-0.138058,-1.70267,0.216768,0,75469.6,-19634,294686,-34543.6,0,5.65163e+06,-1.51752e+06,2.20697e+07,-2.3721e+06,0.0272727
28,1.7625,0.105837,-0.0847571,-1.79824,0.0286879,0,-33336.8,-123180,-87128.5,417824,0,-2.45299e+06,-8.7325e+06,-6.53329e+06,2.98031e+07,0.0282828
29,1.7625,0.149598,-0.0573291,-1.69476,-0.204096,0,-147485,290442,-268410,-650639,0,-1.00777e+07,2.01305e+07,-1.84688e+07,-4.52603e+07,0.0292929
30,1.7625,0.153651,-0.158584,-1.5272,-0.0361096,0,421091,-343355,250786,422669,0,2.81431e+07,-2.30694e+07,1.70636e+07,2.86456e+07,0.030303
31,1.7625,0.0275294,-0.0956402,-1.67412,-0.199487,0,-505270,312733,130105,376193,0,-3.28792e+07,2.0348e+07,8.25002e+06,2.38145e+07,0.0313131
32,1.7625,0.174331,-0.167383,-1.80119,-0.168572,0,352906,-216518,-378857,-1.36691e+06,0,2.2305e+07,-1.36895e+07,-2.37787e+07,-8.55903e+07,0.0323232
33,1.7625,0.141854,-0.126528,-1.75751,0.280749,0,-232937,89435.6,580501,1.28407e+06,0,-1.42117e+07,5.50602e+06,3.52492e+07,7.876e+07,0.0333333
34,1.7625,0.156163,-0.127548,-1.82706,-0.147761,0,219071,-49961.8,-846401,191572,0,1.29588e+07,-2.93741e+06,-4.99594e+07,1.04627e+07,0.0343434
35,1.7625,0.106297,-0.143165,-1.65602,-0.206639,0,-195314,92357.3,816951,-1.73885e+06,0,-1.12347e+07,5.28498e+06,4.70407e+07,-9.93993e+07,0.0353535
36,1.7625,0.125568,-0.177652,-1.84082,0.225878,0,128312,-119000,-509859,2.38486e+06,0,7.19666e+06,-6.63852e+06,-2.85773e+07,1.3303e+08,0.0363636
37,1.7625,0.0924795,-0.173801,-1.84197,-0.115652,0,-69071.2,237920,292987,-2.39031e+06,0,-3.7585e+06,1.28254e+07,1.59449e+07,-1.29799e+08,0.0373737
38,1.7625,0.072587,-0.173489,-1.90261,0.224423,0,172775,-385083,-193588,1.8799e+06,0,9.04281e+06,-2.03248e+07,-1.02565e+07,9.96215e+07,0.0383838
39,1.7625,0.0709123,-0.0631341,-1.90895,-0.0842943,0,-357019,281326,505843,-1.17409e+06,0,-1.83284e+07,1.45651e+07,2.57843e+07,-6.05869e+07,0.0393939
40,1.7625,0.151667,-0.0870161,-1.86028,-0.102341,0,372029,-27090.8,-1.1445e+06,1.4328e+06,0,1.86897e+07,-1.43452e+06,-5.72251e+07,7.15124e+07,0.040404
41,1.7625,0.112968,-0.0847328,-1.59744,-0.143917,0,-333856,-196875,990493,-2.19705e+06,0,-1.63208e+07,-9.56666e+06,4.87142e+07,-1.0733e+08,0.0414141
42,1.7625,0.128008,-0.0574658,-1.78449,0.298321,0,354232,218813,-48260,2.02758e+06,0,1.69046e+07,1.04941e+07,-2.59091e+06,9.70097e+07,0.0424242
43,1.7625,0.0726181,-0.128176,-1.8561,0.128641,0,-196146,114250,-448012,-1.06888e+06,0,-9.23417e+06,5.18764e+06,-2.08895e+07,-5.01259e+07,0.0434343
44,1.7625,0.118038,-0.143737,-1.73741,0.289287,0,-121845,-571014,340164,-586605,0,-5.47012e+06,-2.58939e+07,1.55386e+07,-2.61324e+07,0.0444444
45,1.7625,0.163172,-0.0809225,-1.71378,0.271543,0,236966,801927,-123371,2.66036e+06,0,1.05669e+07,3.5684e+07,-5.55307e+06,1.17934e+08,0.0454545
46,1.7625,0.126846,-0.186491,-1.64646,-0.0772474,0,-244299,-653784,-534828,-3.83671e+06,0,-1.06121e+07,-2.85439e+07,-2.3022e+07,-1.66928e+08,0.0464646
47,1.7625,0.110234,-0.122892,-1.64537,0.315001,0,397552,280222,1.22916e+06,3.19988e+06,0,1.68849e+07,1.20277e+07,5.22918e+07,1.36691e+08,0.0474747
48,1.7625,0.0570081,-0.137504,-1.88136,-0.0960355,0,-536479,31253.8,-568123,-980229,0,-2.23569e+07,1.25517e+06,-2.40509e+07,-4.14778e+07,0.0484848
49,1.7625,0.0938877,-0.155695,-1.76285,-0.0791072,0,680861,-62696.7,-866939,-777081,0,2.77561e+07,-2.59492e+06,-3.51482e+07,-3.1583e+07,0.0494949
50,1.7625,0.0595877,-0.12507,-1.57078,0.154204,0,-709110,-33435.1,1.31314e+06,657019,0,-2.84102e+07,-1.33264e+06,5.26133e+07,2.64897e+07,0.0505051
51,1.7625,0.16504,-0.0827347,-1.70093,0.104093,0,254098,-276159,-777719,552207,0,1.01088e+07,-1.0703e+07,-3.06421e+07,2.13792e+07,0.0515152
52,1.7625,0.150989,-0.0917511,-1.65523,0.0982675,0,330451,811470,555132,-1.6532e+06,0,1.26289e+07,3.1131e+07,2.12934e+07,-6.34368e+07,0.0525253
53,1.7625,0.0992516,-0.196604,-1.5972,0.303703,0,-451687,-899752,-1.66203e+06,882131,0,-1.70746e+07,-3.39865e+07,-6.23497e+07,3.37015e+07,0.0535354
54,1.7625,0.1547,-0.132941,-1.55078,0.0658968,0,-34965.6,438080,3.18745e+06,1.79582e+06,0,-1.15782e+06,1.63363e+07,1.17808e+08,6.59587e+07,0.0545455
55,1.7625,0.133823,-0.186875,-1.87537,-0.174038,0,857247,474803,-3.49255e+06,-3.06073e+06,0,3.10092e+07,1.7063e+07,-1.27002e+08,-1.11316e+08,0.0555556
56,1.7625,0.0645224,-0.206763,-1.67281,0.178845,0,-1.40353e+06,-1.37306e+06,3.06623e+06,1.71981e+06,0,-5.00479e+07,-4.88937e+07,1.09471e+08,6.17182e+07,0.0565657
57,1.7625,0.175586,-0.0791918,-1.81995,0.132161,0,1.1273e+06,1.63872e+06,-2.67586e+06,266600,0,3.96379e+07,5.74604e+07,-9.38636e+07,9.06574e+06,0.0575758
58,1.7625,0.0699993,-0.176531,-1.65358,0.125527,0,-151854,-1.33149e+06,1.99484e+06,-2.44017e+06,0,-5.40419e+06,-4.59345e+07,6.88469e+07,-8.36627e+07,0.0585859
59,1.7625,0.0567454,-0.0922772,-1.765,0.208616,0,-612645,901099,-1.03642e+06,4.72247e+06,0,-2.06891e+07,3.05577e+07,-3.52292e+07,1.59584e+08,0.059596
60,1.7625,0.129508,-0.108755,-1.7236,-0.114346,0,669486,-698717,840963,-5.24974e+06,0,2.23183e+07,-2.32616e+07,2.79038e+07,-1.74873e+08,0.0606061
61,1.7625,0.0956937,-0.0725791,-1.65718,0.262489,0,-439457,704560,-2.20324e+06,4.18634e+06,0,-1.44135e+07,2.30562e+07,-7.18331e+07,1.37189e+08,0.0616162
62,1.7625,0.110286,-0.0959824,-1.55159,0.187367,0,334922,-1.02071e+06,3.71013e+06,-4.33561e+06,0,1.07845e+07,-3.2791e+07,1.19358e+08,-1.3942e+08,0.0626263
63,1.7625,0.104607,-0.0767584,-1.80206,0.319429,0,-153459,1.46869e+06,-4.02501e+06,5.56855e+06,0,-4.90976e+06,4.64987e+07,-1.27569e+08,1.76322e+08,0.0636364
64,1.7625,0.143865,-0.185567,-1.63791,-0.0158621,0,-696537,-1.09273e+06,3.66876e+06,-6.50416e+06,0,-2.1558e+07,-3.42107e+07,1.14474e+08,-2.02735e+08,0.0646465
65,1.7625,0.146639,-0.0991651,-1.81155,0.171586,0,1.95572e+06,-199986,-2.14833e+06,8.13896e+06,0,5.99072e+07,-5.95969e+06,-6.62714e+07,2.49606e+08,0.0656566
66,1.7625,0.027835,-0.0742715,-1.61878,-0.152172,0,-2.7037e+06,1.18049e+06,-985317,-9.93078e+06,0,-8.17087e+07,3.5642e+07,-2.93669e+07,-3.00116e+08,0.0666667
67,1.7625,0.148449,-0.171398,-1.53021,0.320866,0,2.80584e+06,-1.21529e+06,3.22964e+06,1.01953e+07,0,8.3569e+07,-3.6232e+07,9.60904e+07,3.03685e+08,0.0676768
68,1.7625,0.0315732,-0.1289,-1.77646,-0.0906381,0,-2.22471e+06,1.07912e+06,-3.37567e+06,-9.37604e+06,0,-6.53845e+07,3.1648e+07,-9.90906e+07,-2.75183e+08,0.0686869
69,1.7625,0.155135,-0.145721,-1.70044,0.248189,0,677693,-1.37918e+06,3.9139e+06,7.18409e+06,0,1.98075e+07,-3.98188e+07,1.1298e+08,2.08053e+08,0.069697
70,1.7625,0.122488,-0.0945107,-1.77576,-0.142793,0,1.0721e+06,1.84515e+06,-5.46486e+06,-3.76868e+06,0,3.03996e+07,5.2531e+07,-1.55561e+08,-1.07731e+08,0.0707071
71,1.7625,0.0414735,-0.162036,-1.51217,-0.151934,0,-2.02422e+06,-2.07339e+06,5.80002e+06,2.17474e+06,0,-5.6815e+07,-5.82379e+07,1.63004e+08,6.10612e+07,0.0717172
72,1.7625,0.120945,-0.0737607,-1.75729,-0.17249,0,2.41814e+06,1.62865e+06,-4.23668e+06,-2.08141e+06,0,6.69405e+07,4.51971e+07,-1.17563e+08,-5.76916e+07,0.0727273
73,1.7625,0.046276,-0.155458,-1.5979,-0.017305,0,-2.55551e+06,-913448,1.24784e+06,855014,0,-6.9809e+07,-2.49973e+07,3.44326e+07,2.35442e+07,0.0737374
74,1.7625,0.153321,-0.1755,-1.67961,-0.0327542,0,1.69523e+06,855633,1.09463e+06,-363761,0,4.58264e+07,2.30165e+07,2.94058e+07,-9.70179e+06,0.0747475
75,1.7625,0.0525296,-0.208004,-1.88841,-0.155685,0,331796,-881575,583330,3.96585e+06,0,8.6056e+06,-2.34646e+07,1.51155e+07,1.04863e+08,0.0757576
76,1.7625,0.0248284,-0.152669,-1.83778,-0.181212,0,-1.67674e+06,624527,-4.4051e+06,-9.19664e+06,0,-4.39555e+07,1.6394e+07,-1.15257e+08,-2.40847e+08,0.0767677
77,1.7625,0.15427,-0.133903,-1.58439,0.279252,0,1.41034e+06,-745158,5.40968e+06,1.06568e+07,0,3.65762e+07,-1.92547e+07,1.40144e+08,2.75978e+08,0.0777778
78,1.7625,0.145658,-0.100225,-1.81871,-0.0890817,0,-1.0535e+06,560768,-4.06555e+06,-8.36944e+06,0,-2.69096e+07,1.43935e+07,-1.03995e+08,-2.14116e+08,0.0787879
79,1.7625,0.166872,-0.153861,-1.78101,0.156792,0,1.09412e+06,247828,3.61495e+06,4.21388e+06,0,2.76027e+07,6.18514e+06,9.11501e+07,1.06712e+08,0.079798
80,1.7625,0.12306,-0.197383,-1.87596,-0.0190026,0,-772493,-445567,-1.95873e+06,1.45959e+06,0,-1.92903e+07,-1.11337e+07,-4.90924e+07,3.58686e+07,0.0808081
81,1.7625,0.153037,-0.169942,-1.64814,-0.0829216,0,-128480,85934,-3.81722e+06,-6.79362e+06,0,-3.06968e+06,2.13433e+06,-9.33099e+07,-1.6678e+08,0.0818182
82,1.7625,0.144839,-0.149297,-1.51867,0.148225,0,1.31921e+06,-296933,9.0322e+06,9.25281e+06,0,3.19643e+07,-7.16238e+06,2.19261e+08,2.24784e+08,0.0828283
83,1.7625,0.0984348,-0.155964,-1.9196,-0.187393,0,-2.07762e+06,1.17401e+06,-9.3203e+06,-7.50289e+06,0,-4.98455e+07,2.81024e+07,-2.23866e+08,-1.80381e+08,0.0838384
84,1.7625,0.17088,-0.186967,-1.68018,0.0620705,0,2.01916e+06,-1.91817e+06,6.41981e+06,4.18689e+06,0,4.79159e+07,-4.54597e+07,1.52509e+08,9.94779e+07,0.0848485
85,1.7625,0.115532,-0.118583,-1.87931,0.0788634,0,-2.0426e+06,1.7519e+06,-1.34097e+06,-3.56069e+06,0,-4.78327e+07,4.11081e+07,-3.18748e+07,-8.33452e+07,0.0858586
86,1.7625,0.124099,-0.180301,-1.79926,0.134963,0,2.5698e+06,-756336,-3.11409e+06,5.5454e+06,0,5.94794e+07,-1.76e+07,-7.19627e+07,1.28258e+08,0.0868687
87,1.7625,0.0276656,-0.168458,-1.53189,0.0179467,0,-1.75229e+06,-264326,2.94256e+06,-8.28304e+06,0,-4.02615e+07,-5.99745e+06,6.75461e+07,-1.89427e+08,0.0878788
88,1.7625,0.123509,-0.15259,-1.58034,0.20728,0,-931094,1.43271e+06,-1.68033e+06,1.03362e+07,0,-2.08676e+07,3.23242e+07,-3.80088e+07,2.3384e+08,0.0888889
89,1.7625,0.171928,-0.151977,-1.62862,-0.0761134,0,2.95998e+06,-3.13561e+06,1.61998e+06,-1.11958e+07,0,6.6174e+07,-7.00409e+07,3.62731e+07,-2.50473e+08,0.089899
90,1.7625,0.0598924,-0.0621365,-1.76917,0.131804,0,-2.6913e+06,4.22995e+06,366526,1.21088e+07,0,-5.96341e+07,9.35694e+07,7.88718e+06,2.67827e+08,0.0909091
91,1.7625,0.141965,-0.180125,-1.78229,-0.130867,0,926614,-3.44119e+06,-3.80972e+06,-1.36346e+07,0,2.04013e+07,-7.54095e+07,-8.31598e+07,-2.98226e+08,0.0919192
92,1.7625,0.129848,-0.0711917,-1.69586,0.129425,0,999283,1.34832e+06,6.50963e+06,1.555e+07,0,2.1522e+07,2.9315e+07,1.40752e+08,3.36399e+08,0.0929293
93,1.7625,0.104169,-0.0705137,-1.85753,-0.194404,0,-2.42185e+06,-230396,-7.22854e+06,-1.52604e+07,0,-5.17825e+07,-4.92736e+06,-1.54784e+08,-3.26841e+08,0.0939394
94,1.7625,0.167645,-0.110111,-1.66235,0.236251,0,2.75252e+06,95490,6.14909e+06,9.74843e+06,0,5.83186e+07,2.04253e+06,1.30311e+08,2.06929e+08,0.0949495
95,1.7625,0.0858575,-0.167703,-1.75035,0.0189025,0,-2.15649e+06,787053,-4.95432e+06,-1.40669e+06,0,-4.52293e+07,1.64133e+07,-1.03864e+08,-2.99369e+07,0.0959596
96,1.7625,0.106711,-0.207949,-1.64451,0.0065796,0,1.36858e+06,-1.53004e+06,2.38573e+06,-4.59014e+06,0,2.84216e+07,-3.17221e+07,4.96988e+07,-9.49781e+07,0.0969697
97,1.7625,0.0611326,-0.166005,-1.76676,0.188915,0,-465108,1.57548e+06,1.13822e+06,5.34474e+06,0,-9.59653e+06,3.23265e+07,2.32088e+07,1.09789e+08,0.0979798
98,1.7625,0.053405,-0.181442,-1.90781,0.0297773,0,-16361.6,-796144,-1.2727e+06,-2.13371e+06,0,-334237,-1.62532e+07,-2.59806e+07,-4.35563e+07,0.0989899
99,1.7625,0.0656121,-0.111378,-1.86178,0.0587522,0,0,0,0,0,0,0,0,0,0,0.1
0,1.7625,0.145462,-0.0848364,-1.8826,-0.100547,0,-15.1517,19.0675,499.759,443.441,0,0,0,0,0,0
1,1.7625,0.142658,-0.0907998,-1.52738,0.255879,0,21.4751,-38.9353,-103.406,16.2319,0,-74510.8,181814,565017,230212,0.0010101
2,1.7625,0.17719,-0.16674,-1.67441,0.285474,0,-244.814,159.13,-1165.15,-851.439,0,-189115,14270.8,-1.61614e+06,-1.08921e+06,0.0020202
3,1.7625,0.151126,-0.127561,-1.67607,0.307129,0,1666.83,-1946.66,4498.6,2960.09,0,1.28652e+06,-1.45042e+06,3.54974e+06,2.43887e+06,0.0030303
4,1.7625,0.0807135,-0.0618764,-1.7975,0.16534,0,-4350.43,5057.49,-11900,-8531.83,0,-2.50576e+06,2.9509e+06,-6.75889e+06,-4.73238e+06,0.0040404
5,1.7625,0.156771,-0.191796,-1.62291,0.174706,0,6762.21,-6593.61,21436.4,19866.1,0,3.04543e+06,-3.01295e+06,9.5719e+06,8.7214e+06,0.00505051
6,1.7625,0.0917911,-0.149085,-1.85049,-0.0730603,0,-5756.56,4764.5,-27785.4,-34625.6,0,-2.20508e+06,1.8273e+06,-1.0216e+07,-1.25392e+07,0.00606061
7,1.7625,0.158133,-0.198853,-1.67559,0.105196,0,-2688.59,3588.77,35341.9,46460.5,0,-676663,948321,1.07924e+07,1.43111e+07,0.00707071
8,1.7625,0.172732,-0.200022,-1.73301,-0.139027,0,9073.23,-19065.8,-54179.1,-36369.8,0,2.45067e+06,-4.94789e+06,-1.42724e+07,-1.00293e+07,0.00808081
9,1.7625,0.0649863,-0.119072,-1.5355,0.0753629,0,-166.077,37222.6,70580.6,-18660.9,0,-158004,8.632e+06,1.65793e+07,-3.82997e+06,0.00909091
10,1.7625,0.0397933,-0.202117,-1.753,0.116318,0,-8127.95,-50266.8,-73138.7,86240.3,0,-1.72449e+06,-1.05316e+07,-1.53751e+07,1.78513e+07,0.010101
11,1.7625,0.0994554,-0.0622217,-1.65148,-0.199821,0,-2394.04,48088.9,68182.2,-90362.8,0,-365186,9.18524e+06,1.29887e+07,-1.7389e+07,0.0111111
12,1.7625,0.109173,-0.132958,-1.79373,0.0381098,0,16878.8,-32409.4,-27280.6,31619,0,2.89261e+06,-5.68539e+06,-5.01549e+06,5.72794e+06,0.0121212
13,1.7625,0.0622727,-0.0872885,-1.68768,0.0896076,0,-4279.52,13612.6,-68543.5,41658.2,0,-797757,2.223e+06,-1.05387e+07,6.37997e+06,0.0131313
14,1.7625,0.111613,-0.0855854,-1.57438,0.108035,0,-46858.6,-9507.61,109424,-118564,0,-6.71645e+06,-1.3681e+06,1.62436e+07,-1.72579e+07,0.0141414
15,1.7625,0.167641,-0.105689,-1.88086,0.30234,0,88660.8,20639.8,9023.53,72336.1,0,1.21223e+07,2.80361e+06,763065,1.03486e+07,0.0151515
16,1.7625,0.0300745,-0.151562,-1.9168,0.0216204,0,-64306.2,-29684.7,-188609,183227,0,-8.37587e+06,-3.78924e+06,-2.38498e+07,2.27849e+07,0.0161616
17,1.7625,0.0911672,-0.151179,-1.72088,-0.201055,0,-4202.76,49863,331609,-389179,0,-375547,5.93636e+06,3.96681e+07,-4.67253e+07,0.0171717
18,1.7625,0.116305,-0.177384,-1.91703,0.250686,0,41826.2,-63054.3,-448105,355221,0,4.74484e+06,-7.16975e+06,-5.06588e+07,4.05125e+07,0.0181818
19,1.7625,0.0480379,-0.099041,-1.6266,0.0917197,0,8337.73,35208.5,522402,-190356,0,741623,3.84401e+06,5.5972e+07,-2.06988e+07,0.0191919
20,1.7625,0.0738744,-0.0991302,-1.89342,0.233928,0,-118175,-8441.66,-438607,-26090,0,-1.18737e+07,-864872,-4.49145e+07,-2.34033e+06,0.020202
21,1.7625,0.159424,-0.111096,-1.54483,0.283881,0,193048,-6164.02,126317,171421,0,1.86427e+07,-566452,1.2706e+07,1.65399e+07,0.0212121
22,1.7625,0.0552369,-0.133867,-1.53496,0.114736,0,-165151,14722.9,154210,-121789,0,-1.53329e+07,1.36851e+06,1.40777e+07,-1.13925e+07,0.0222222
23,1.7625,0.15483,-0.18208,-1.70987,0.164974,0,57568.2,28445.3,-283064,-107024,0,5.1952e+06,2.42873e+06,-2.48305e+07,-9.12214e+06,0.0232323
24,1.7625,0.164325,-0.198882,-1.70613,0.138979,0,13397.7,-85071.1,413740,408782,0,1.1191e+06,-7.14948e+06,3.47778e+07,3.4233e+07,0.0242424
25,1.7625,0.130533,-0.153839,-1.91075,-0.0755166,0,-35704.6,77545.1,-335755,-460889,0,-2.86222e+06,6.31566e+06,-2.74318e+07,-3.74601e+07,0.0252525
26,1.7625,0.106003,-0.191297,-1.69946,0.177618,0,95857.6,25451.5,-50790.2,220511,0,7.38305e+06,1.85617e+06,-3.59826e+06,1.73574e+07,0.0262626
27,1.7625,0.068689,-0.174651,-1.6123,0.216525,0,-150423,-113890,267082,-83767.2,0,-1.12398e+07,-8.51107e+06,2.00097e+07,-6.25015e+06,0.0272727
28,1.7625,0.122017,-0.0679821,-1.79949,0.209148,0,115702,-136.519,-150907,-77803.3,0,8.39737e+06,152879,-1.10016e+07,-5.37293e+06,0.0282828
29,1.7625,0.0787283,-0.0760319,-1.837,0.0807504,0,-17326.7,139253,-9682.77,510560,0,-1.27069e+06,9.67008e+06,-596229,3.51903e+07,0.0292929
30,1.7625,0.0680012,-0.187957,-1.87481,-0.127977,0,-76576.1,-18125.4,245947,-803678,0,-5.09937e+06,-1.37375e+06,1.63206e+07,-5.39561e+07,0.030303
31,1.7625,0.081057,-0.180149,-1.90129,0.0728646,0,168968,-158772,-381298,689470,0,1.0921e+07,-1.02768e+07,-2.4825e+07,4.4953e+07,0.0313131
32,1.7625,0.0538976,-0.0873613,-1.68636,-0.100915,0,-287360,129929,174042,-196418,0,-1.80112e+07,8.24172e+06,1.11102e+07,-1.2706e+07,0.0323232
33,1.7625,0.102862,-0.101887,-1.631,-0.0243041,0,392853,23630.1,89327.5,-401480,0,2.39139e+07,1.36071e+06,5.35365e+06,-2.42485e+07,0.0333333
34,1.7625,0.025821,-0.0945585,-1.60273,0.146606,0,-367074,-242934,-379834,547744,0,-2.17706e+07,-1.42485e+07,-2.22929e+07,3.24911e+07,0.0343434
35,1.7625,0.114936,-0.0654089,-1.54275,0.00394518,0,247558,358355,475932,-288076,0,1.42588e+07,2.06e+07,2.7421e+07,-1.66708e+07,0.0353535
36,1.7625,0.122298,-0.193093,-1.73725,0.00103307,0,-203281,-148841,-172897,-160788,0,-1.13382e+07,-8.45551e+06,-9.80494e+06,-8.7379e+06,0.0363636
37,1.7625,0.164876,-0.183963,-1.80385,-0.0688103,0,113793,-3562.85,60499.1,1.05627e+06,0,6.25119e+06,-225836,3.2136e+06,5.68822e+07,0.0373737
38,1.7625,0.125483,-0.102488,-1.78327,-0.188488,0,13341.6,-312154,-76841,-1.45452e+06,0,687541,-1.62945e+07,-4.11749e+06,-7.7e+07,0.0383838
39,1.7625,0.0707558,-0.0676638,-1.68358,0.303368,0,65109.1,755489,-292927,152901,0,3.27901e+06,3.87653e+07,-1.48768e+07,8.60012e+06,0.0393939
40,1.7625,0.0564556,-0.201996,-1.63065,0.311229,0,-208381,-841460,482765,1.36577e+06,0,-1.04283e+07,-4.22519e+07,2.42829e+07,6.8238e+07,0.040404
41,1.7625,0.0974895,-0.0775183,-1.79801,-0.0571822,0,177853,655085,239399,-1.59357e+06,0,8.74004e+06,3.21043e+07,1.13342e+07,-7.80594e+07,0.0414141
42,1.7625,0.0656692,-0.117019,-1.78504,0.0818808,0,-69525.5,-556462,-1.37245e+06,915355,0,-3.34138e+06,-2.65556e+07,-6.52168e+07,4.39751e+07,0.0424242
43,1.7625,0.0499042,-0.0710518,-1.56883,-0.11086,0,-1510.42,362351,1.59803e+06,378580,0,-53379.7,1.70024e+07,7.46462e+07,1.72018e+07,0.0434343
44,1.7625,0.0317501,-0.171317,-1.86835,-0.171132,0,262504,245699,-748661,-1.74247e+06,0,1.18304e+07,1.09764e+07,-3.43799e+07,-7.90562e+07,0.0444444
45,1.7625,0.0426039,-0.210578,-1.8877,0.0427412,0,-607578,-813789,547542,2.58762e+06,0,-2.69902e+07,-3.61438e+07,2.41853e+07,1.15034e+08,0.0454545
46,1.7625,0.162514,-0.0898248,-1.77805,-0.195006,0,548357,736801,-1.61399e+06,-2.68222e+06,0,2.39541e+07,3.21912e+07,-6.99254e+07,-1.16861e+08,0.0464646
47,1.7625,0.115329,-0.19757,-1.56808,0.126984,0,-254563,-65243.8,2.38573e+06,2.26679e+06,0,-1.08978e+07,-2.97676e+06,1.01595e+08,9.66511e+07,0.0474747
48,1.7625,0.117464,-0.200198,-1.83507,0.0529137,0,-17352.1,-377057,-1.78321e+06,-2.38366e+06,0,-656317,-1.57219e+07,-7.46522e+07,-9.92452e+07,0.0484848
49,1.7625,0.0964001,-0.0796709,-1.62145,0.206335,0,314989,9089.19,91222.8,2.69273e+06,0,1.28027e+07,530083,4.15662e+06,1.09981e+08,0.0494949
50,1.7625,0.0483038,-0.0703071,-1.61309,-0.0925069,0,-274675,639518,1.26176e+06,-1.74439e+06,0,-1.10677e+07,2.548e+07,5.0359e+07,-7.01723e+07,0.0505051
51,1.7625,0.111501,-0.131543,-1.84139,0.102096,0,-96548.5,-1.15365e+06,-1.04955e+06,-312389,0,-3.71681e+06,-4.51503e+07,-4.13739e+07,-1.18123e+07,0.0515152
52,1.7625,0.165241,-0.0640056,-1.73999,0.168,0,26920.8,1.40622e+06,45855.1,2.31668e+06,0,1.13159e+06,5.40784e+07,1.93469e+06,8.877e+07,0.0525253
53,1.7625,0.126175,-0.208924,-1.68955,0.00171633,0,346252,-1.03936e+06,671411,-3.30582e+06,0,1.30218e+07,-3.93449e+07,2.52373e+07,-1.24672e+08,0.0535354
54,1.7625,0.0402768,-0.131598,-1.72082,0.329591,0,-49874,491584,-626307,2.83341e+06,0,-1.99123e+06,1.82555e+07,-2.32925e+07,1.05095e+08,0.0545455
55,1.7625,0.072996,-0.10682,-1.57535,0.163473,0,-561368,-463753,-965127,-2.55828e+06,0,-2.03371e+07,-1.68044e+07,-3.46389e+07,-9.28546e+07,0.0555556
56,1.7625,0.175968,-0.0818835,-1.57595,0.149203,0,304073,603053,3.04379e+06,3.17585e+06,0,1.09976e+07,2.15221e+07,1.08369e+08,1.13238e+08,0.0565657
57,1.7625,0.123501,-0.14177,-1.89266,-0.189512,0,725444,-579004,-3.17533e+06,-2.30266e+06,0,2.52504e+07,-2.03006e+07,-1.11509e+08,-8.10803e+07,0.0575758
58,1.7625,0.0643952,-0.136064,-1.64327,-0.000400446,0,-1.6486e+06,676688,1.69491e+06,532666,0,-5.6679e+07,2.3272e+07,5.86226e+07,1.85196e+07,0.0585859
59,1.7625,0.167342,-0.174582,-1.66742,0.137905,0,2.03793e+06,-576467,-919156,266669,0,6.89797e+07,-1.95798e+07,-3.10996e+07,8.96585e+06,0.059596
60,1.7625,0.0389553,-0.100632,-1.69524,0.227366,0,-1.92758e+06,-130214,1.18355e+06,-1.44624e+06,0,-6.4201e+07,-4.1974e+06,3.93356e+07,-4.78634e+07,0.0606061
61,1.7625,0.130288,-0.0855128,-1.80184,0.290844,0,1.47226e+06,936210,-639280,2.00212e+06,0,4.82754e+07,3.05609e+07,-2.1134e+07,6.56582e+07,0.0616162
62,1.7625,0.0432468,-0.147087,-1.68851,-0.00499219,0,-850492,-1.36342e+06,-1.32337e+06,-1.19132e+06,0,-2.74702e+07,-4.38756e+07,-4.23002e+07,-3.84577e+07,0.0626263
63,1.7625,0.0617556,-0.0755327,-1.59904,-0.163227,0,502374,1.39919e+06,2.76244e+06,2.88907e+06,0,1.59249e+07,4.43545e+07,8.74747e+07,9.10109e+07,0.0636364
64,1.7625,0.0603142,-0.149449,-1.81998,-0.179285,0,-365380,-1.09113e+06,-1.6092e+06,-6.51321e+06,0,-1.14226e+07,-3.40863e+07,-5.05298e+07,-2.02755e+08,0.0646465
65,1.7625,0.105475,-0.0985456,-1.65217,0.283035,0,44952.6,418432,-1.65503e+06,7.57895e+06,0,1.4301e+06,1.29524e+07,-5.03695e+07,2.32812e+08,0.0656566
66,1.7625,0.121837,-0.133434,-1.53439,-0.0839937,0,324626,134515,3.70914e+06,-6.44574e+06,0,9.77816e+06,4.04257e+06,1.12107e+08,-1.95034e+08,0.0666667
67,1.7625,0.119645,-0.197417,-1.83843,0.127463,0,-895506,345639,-3.44176e+06,4.47496e+06,0,-2.65747e+07,1.01594e+07,-1.02591e+08,1.33558e+08,0.0676768
68,1.7625,0.136256,-0.188711,-1.79464,-0.153317,0,1.32245e+06,-1.13065e+06,3.35312e+06,-900742,0,3.87972e+07,-3.31314e+07,9.82968e+07,-2.69182e+07,0.0686869
69,1.7625,0.0238022,-0.0776882,-1.91508,-0.13293,0,-574036,1.17979e+06,-3.30654e+06,-1.9251e+06,0,-1.67566e+07,3.41366e+07,-9.56787e+07,-5.55411e+07,0.069697
70,1.7625,0.0635298,-0.0873639,-1.71025,0.117093,0,-742877,-1.59601e+06,1.94321e+06,1.04832e+06,0,-2.10548e+07,-4.53603e+07,5.5565e+07,3.0166e+07,0.0707071
71,1.7625,0.133932,-0.0725164,-1.74728,0.0518217,0,1.4793e+06,2.75229e+06,-921081,2.47026e+06,0,4.15162e+07,7.71919e+07,-2.58831e+07,6.89725e+07,0.0717172
72,1.7625,0.0880963,-0.205265,-1.78058,-0.00281036,0,-1.56838e+06,-3.26592e+06,2.08291e+06,-6.43932e+06,0,-4.34572e+07,-9.04711e+07,5.74503e+07,-1.77982e+08,0.0727273
73,1.7625,0.171621,-0.0678619,-1.78749,0.266795,0,839685,2.42223e+06,-4.69336e+06,9.32106e+06,0,2.30558e+07,6.63054e+07,-1.27936e+08,2.54412e+08,0.0737374
74,1.7625,0.125301,-0.179433,-1.58564,-0.0675158,0,223313,-988241,5.9018e+06,-1.03521e+07,0,5.93948e+06,-2.67481e+07,1.59045e+08,-2.78906e+08,0.0747475
75,1.7625,0.0767452,-0.193898,-1.86882,0.311847,0,-551931,549300,-5.07671e+06,7.33094e+06,0,-1.46885e+07,1.45578e+07,-1.35057e+08,1.95414e+08,0.0757576
76,1.7625,0.100996,-0.170955,-1.77278,-0.132738,0,100470,-1.29264e+06,5.18903e+06,1.00303e+06,0,2.69692e+06,-3.38162e+07,1.35968e+08,2.53927e+07,0.0767677
77,1.7625,0.0835465,-0.116209,-1.85774,-0.202149,0,545668,1.60482e+06,-6.00052e+06,-8.99568e+06,0,1.4076e+07,4.15763e+07,-1.55322e+08,-2.32405e+08,0.0777778
78,1.7625,0.0468611,-0.207916,-1.55365,0.255848,0,-446317,-556015,4.07432e+06,1.18623e+07,0,-1.14697e+07,-1.43479e+07,1.04432e+08,3.03077e+08,0.0787879
79,1.7625,0.0965686,-0.183839,-1.70573,-0.101128,0,-360254,-545755,113293,-1.10022e+07,0,-9.02209e+06,-1.37288e+07,2.50363e+06,-2.77706e+08,0.079798
80,1.7625,0.143206,-0.108307,-1.7351,0.269365,0,322903,697784,-3.44442e+06,8.423e+06,0,8.11467e+06,1.73952e+07,-8.56215e+07,2.1005e+08,0.0808081
81,1.7625,0.101366,-0.0944926,-1.57602,0.0742786,0,430674,-802829,5.03349e+06,-5.79978e+06,0,1.05492e+07,-1.97183e+07,1.23748e+08,-1.4283e+08,0.0818182
82,1.7625,0.0438766,-0.0646673,-1.6937,0.20899,0,-5885.32,1.00511e+06,-6.38449e+06,4.90201e+06,0,-252112,2.44214e+07,-1.54993e+08,1.1908e+08,0.0828283
83,1.7625,0.0762504,-0.0969942,-1.54896,0.163463,0,-1.13232e+06,-1.03653e+06,6.76432e+06,-6.19348e+06,0,-2.71201e+07,-2.48747e+07,1.62438e+08,-1.48495e+08,0.0838384
84,1.7625,0.161887,-0.0804944,-1.83809,0.323581,0,1.16505e+06,1.1347e+06,-5.16293e+06,6.91273e+06,0,2.76831e+07,2.69002e+07,-1.22594e+08,1.63998e+08,0.0848485
85,1.7625,0.1334,-0.114508,-1.79426,0.0488595,0,-120424,-1.65337e+06,4.49805e+06,-6.62883e+06,0,-2.91481e+06,-3.86824e+07,1.05349e+08,-1.55321e+08,0.0858586
86,1.7625,0.154922,-0.108955,-1.87057,0.0575052,0,-1.89372e+06,2.56909e+06,-5.17171e+06,9.21302e+06,0,-4.36758e+07,5.94387e+07,-1.19747e+08,2.13044e+08,0.0868687
87,1.7625,0.172226,-0.201869,-1.70753,-0.143492,0,4.2537e+06,-2.96352e+06,5.46519e+06,-1.26989e+07,0,9.7245e+07,-6.78517e+07,1.25104e+08,-2.90576e+08,0.0878788
88,1.7625,0.0241473,-0.13199,-1.79977,0.254657,0,-5.28701e+06,2.87646e+06,-5.2497e+06,1.04819e+07,0,-1.19647e+08,6.50986e+07,-1.18841e+08,2.37639e+08,0.0888889
89,1.7625,0.155336,-0.188359,-1.63265,-0.146325,0,4.86418e+06,-2.99253e+06,2.46951e+06,-1.90944e+06,0,1.08893e+08,-6.6941e+07,5.5575e+07,-4.33955e+07,0.089899
90,1.7625,0.0359289,-0.126882,-1.77699,-0.151402,0,-3.40886e+06,3.33744e+06,3.08312e+06,-4.02197e+06,0,-7.55462e+07,7.38147e+07,6.78396e+07,-8.89163e+07,0.0909091
91,1.7625,0.12703,-0.195231,-1.90602,0.194575,0,864666,-2.93893e+06,-5.35621e+06,2.40624e+06,0,1.91049e+07,-6.43801e+07,-1.17293e+08,5.29168e+07,0.0919192
92,1.7625,0.0991046,-0.0822937,-1.62018,0.231632,0,1.82229e+06,777792,2.20719e+06,285771,0,3.93009e+07,1.70159e+07,4.80464e+07,6.12985e+06,0.0929293
93,1.7625,0.026154,-0.100364,-1.58377,0.202023,0,-2.29524e+06,1.75485e+06,-168730,-1.93873e+06,0,-4.92151e+07,3.74539e+07,-3.57047e+06,-4.13642e+07,0.0939394
94,1.7625,0.144963,-0.174044,-1.66459,0.175056,0,-271679,-2.8587e+06,986401,4.33257e+06,0,-5.54016e+06,-6.05287e+07,2.08382e+07,9.16211e+07,0.0949495
95,1.7625,0.156129,-0.106832,-1.76096,0.025236,0,3.19096e+06,2.56379e+06,74682.9,-6.17426e+06,0,6.67503e+07,5.37686e+07,1.39395e+06,-1.29305e+08,0.0959596
96,1.7625,0.0501894,-0.1735,-1.72598,0.109775,0,-3.46808e+06,-1.13477e+06,-2.87705e+06,7.20662e+06,0,-7.19928e+07,-2.36393e+07,-5.95182e+07,1.49385e+08,0.0969697
97,1.7625,0.168775,-0.139028,-1.61876,-0.0692689,0,1.58426e+06,-748664,4.18842e+06,-6.76352e+06,0,3.26278e+07,-1.52702e+07,8.59411e+07,-1.38876e+08,0.0979798
98,1.7625,0.176129,-0.102483,-1.70862,0.0743897,0,-228103,810072,-2.11611e+06,2.96114e+06,0,-4.65609e+06,1.65377e+07,-4.31992e+07,6.04489e+07,0.0989899
99,1.7625,0.166586,-0.184153,-1.57126,-0.0669209,0,0,0,0,0,0,0,0,0,0,0.1
0,1.7625,0.116683,-0.165086,-1.52118,0.264759,0,55.8352,104.129,-471.302,-216.078,0,0,0,0,0,0
1,1.7625,0.150449,-0.0717427,-1.83529,0.0912527,0,-41.6682,-125.708,247.378,75.4303,0,73135.9,-315857,-481773,50817.8,0.0010101
2,1.7625,0.10612,-0.0794594,-1.58352,0.105407,0,156.497,1128.16,-994.275,-351.727,0,123048,1.55719e+06,-747462,-473704,0.0020202
3,1.7625,0.105585,-0.208316,-1.60201,0.162926,0,-710.702,-3618.14,6679.52,2165.81,0,-596731,-3.02727e+06,5.2253e+06,1.64463e+06,0.0030303
4,1.7625,0.161505,-0.0699382,-1.89398,0.154516,0,-150.255,4846.09,-16309.1,-7897.1,0,45813.8,2.97382e+06,-9.43273e+06,-4.36245e+06,0.0040404
5,1.7625,0.128207,-0.18045,-1.61555,0.253642,0,4089.17,-2655.89,23033.6,19275.7,0,1.74177e+06,-1.30528e+06,1.04637e+07,8.45704e+06,0.00505051
6,1.7625,0.0590562,-0.19419,-1.86415,0.0687528,0,-7664.01,3102.41,-17210.4,-32086.5,0,-2.80984e+06,1.03788e+06,-6.63981e+06,-1.16659e+07,0.00606061
7,1.7625,0.123194,-0.147315,-1.7057,0.293622,0,7171.2,-12482.5,-3226.41,38225.1,0,2.25697e+06,-3.71081e+06,-710468,1.18577e+07,0.00707071
8,1.7625,0.0934706,-0.0678684,-1.61555,0.113273,0,-1492.59,24199,22309.8,-34494.7,0,-481352,6.39523e+06,5.87032e+06,-9.3016e+06,0.00808081
9,1.7625,0.111981,-0.156849,-1.72146,0.207562,0,-10057.4,-29050,-21915.7,35851.5,0,-2.26845e+06,-6.84084e+06,-5.26233e+06,8.34696e+06,0.00909091
10,1.7625,0.14456,-0.0682502,-1.61463,0.199151,0,23980.2,20992.7,-22518.9,-75096.7,0,4.96725e+06,4.5077e+06,-4.29118e+06,-1.53914e+07,0.010101
11,1.7625,0.0917534,-0.125965,-1.66417,0.269949,0,-41058.3,-9554.31,113157,104115,0,-7.6983e+06,-1.83348e+06,2.10199e+07,1.98622e+07,0.0111111
12,1.7625,0.138491,-0.167001,-1.92259,-0.170906,0,62136.1,15121.3,-191988,-35411.4,0,1.06822e+07,2.55208e+06,-3.30599e+07,-6.60672e+06,0.0121212
13,1.7625,0.0353164,-0.192942,-1.61049,-0.203769,0,-72305.5,-11571.7,237030,-25249.9,0,-1.15151e+07,-1.9316e+06,3.76004e+07,-4.07363e+06,0.0131313
14,1.7625,0.130751,-0.113978,-1.83345,0.0182496,0,71708.9,-36339.3,-258029,-18090.8,0,1.05579e+07,-5.15916e+06,-3.80014e+07,-2.46098e+06,0.0141414
15,1.7625,0.0866948,-0.0656868,-1.51307,0.137869,0,-70969.1,91585.7,186536,54179.9,0,-9.73166e+06,1.24634e+07,2.59237e+07,7.44608e+06,0.0151515
16,1.7625,0.164951,-0.180963,-1.74843,0.0735368,0,60891.3,-96210.3,-47462.4,-4641.97,0,7.8413e+06,-1.23956e+07,-6.33638e+06,-791620,0.0161616
17,1.7625,0.127767,-0.077789,-1.85671,0.137126,0,-34761.4,29409.4,62479.7,-115730,0,-4.24538e+06,3.73069e+06,7.20571e+06,-1.36556e+07,0.0171717
18,1.7625,0.162787,-0.118116,-1.74829,0.235114,0,-19120.5,76229.5,-278051,172059,0,-2.04626e+06,8.47488e+06,-3.11078e+07,1.95912e+07,0.0181818
19,1.7625,0.160065,-0.19626,-1.50885,-0.00474326,0,57847,-129680,376237,-23354.4,0,6.20811e+06,-1.39171e+07,4.04834e+07,-2.8848e+06,0.0191919
20,1.7625,0.0572718,-0.076728,-1.88748,0.0143857,0,-5012.55,83822.5,-157157,-243800,0,-652138,8.64685e+06,-1.64641e+07,-2.44499e+07,0.020202
21,1.7625,0.057153,-0.114694,-1.83604,0.153248,0,-58689.1,-3996.64,-144521,432864,0,-5.66264e+06,-465804,-1.37107e+07,4.17683e+07,0.0212121
22,1.7625,0.142231,-0.136672,-1.68407,-0.113874,0,30289.4,-44182.9,318275,-356321,0,2.87411e+06,-4.04644e+06,2.92412e+07,-3.31547e+07,0.0222222
23,1.7625,0.141581,-0.1161,-1.79502,0.121378,0,-16714.5,48162,-317999,18839.8,0,-1.4209e+06,4.26543e+06,-2.81427e+07,2.06532e+06,0.0232323
24,1.7625,0.0915528,-0.15233,-1.57172,0.164768,0,109204,-4068.26,137178,269612,0,9.09218e+06,-405021,1.17958e+07,2.26116e+07,0.0242424
25,1.7625,0.0389366,-0.150896,-1.55135,-0.0108161,0,-139773,-46044.3,-81752.7,-346723,0,-1.13786e+07,-3.70129e+06,-6.48869e+06,-2.80592e+07,0.0252525
26,1.7625,0.153717,-0.118434,-1.64357,0.0693262,0,-22527.2,16837.2,195876,402004,0,-1.56222e+06,1.37963e+06,1.51715e+07,3.11596e+07,0.0262626
27,1.7625,0.173791,-0.150783,-1.83755,-0.00450401,0,192867,102841,-94276.6,-664134,0,1.4365e+07,7.58742e+06,-7.25612e+06,-4.93819e+07,0.0272727
28,1.7625,0.074875,-0.18677,-1.82222,0.086933,0,-219659,-191359,-112972,1.21184e+06,0,-1.58557e+07,-1.37759e+07,-8.0648e+06,8.68877e+07,0.0282828
29,1.7625,0.116869,-0.109675,-1.7378,-0.175194,0,128107,193959,125130,-1.8104e+06,0,8.99934e+06,1.35e+07,8.76328e+06,-1.25586e+08,0.0292929
30,1.7625,0.0527973,-0.131292,-1.77712,0.285332,0,95890.9,-184154,2996.39,2.02863e+06,0,6.26872e+06,-1.23698e+07,112341,1.36324e+08,0.030303
31,1.7625,0.0365825,-0.0853606,-1.77872,-0.201869,0,-259649,187527,-90447.7,-1.62417e+06,0,-1.6862e+07,1.2181e+07,-5.86903e+06,-1.0592e+08,0.0313131
32,1.7625,0.169136,-0.108604,-1.72204,0.168315,0,119241,-215281,136651,641222,0,7.65325e+06,-1.35162e+07,8.55597e+06,4.09522e+07,0.0323232
33,1.7625,0.151816,-0.0734652,-1.69168,0.034709,0,45266.3,155649,-136948,351453,0,2.7529e+06,9.57284e+06,-8.38872e+06,2.10825e+07,0.0333333
34,1.7625,0.0736238,-0.152927,-1.58035,-0.189206,0,25761.5,112067,-44435.7,-309485,0,1.45204e+06,6.46798e+06,-2.50237e+06,-1.86865e+07,0.0343434
35,1.7625,0.0411325,-0.185699,-1.53047,0.0583353,0,-105532,-369390,134062,-765115,0,-6.06375e+06,-2.11528e+07,7.74775e+06,-4.33998e+07,0.0353535
36,1.7625,0.0667903,-0.0971282,-1.59592,0.287411,0,128111,399519,-250260,1.44466e+06,0,7.12811e+06,2.23324e+07,-1.38239e+07,8.06129e+07,0.0363636
37,1.7625,0.0720049,-0.16399,-1.70063,-0.0578238,0,-131023,-299225,641321,-892557,0,-7.1307e+06,-1.62817e+07,3.46524e+07,-4.88781e+07,0.0373737
38,1.7625,0.129795,-0.137609,-1.90782,0.126354,0,-68981,252519,-609475,-289370,0,-3.51857e+06,1.33333e+07,-3.23772e+07,-1.48643e+07,0.0383838
39,1.7625,0.125577,-0.154644,-1.78779,0.241456,0,306670,-271452,-20969.5,1.11964e+06,0,1.57421e+07,-1.39612e+07,-826328,5.74639e+07,0.0393939
40,1.7625,0.0338321,-0.111004,-1.77304,0.0489371,0,-319894,244531,865613,-994359,0,-1.60719e+07,1.22872e+07,4.31138e+07,-5.00961e+07,0.040404
41,1.7625,0.0473275,-0.139839,-1.83699,0.279551,0,367454,-197302,-1.59197e+06,-256171,0,1.79142e+07,-9.65579e+06,-7.77126e+07,-1.19838e+07,0.0414141
42,1.7625,0.0330685,-0.131324,-1.57032,0.27171,0,-450476,83891.9,1.50945e+06,1.25046e+06,0,-2.15114e+07,4.06553e+06,7.22495e+07,5.9646e+07,0.0424242
43,1.7625,0.133513,-0.177856,-1.79463,-0.139217,0,333999,338293,-654928,-904120,0,1.56229e+07,1.55912e+07,-3.08033e+07,-4.23741e+07,0.0434343
44,1.7625,0.133624,-0.190688,-1.7723,-0.194817,0,-285558,-861164,260198,1.28131e+06,0,-1.29729e+07,-3.9109e+07,1.1781e+07,5.79077e+07,0.0444444
45,1.7625,0.14562,-0.058615,-1.65816,-0.108318,0,356774,891264,-775128,-3.09034e+06,0,1.58741e+07,3.97602e+07,-3.43055e+07,-1.37066e+08,0.0454545
46,1.7625,0.0904569,-0.177662,-1.52369,0.326744,0,-166388,-448544,873067,4.13559e+06,0,-7.34271e+06,-1.96537e+07,3.8155e+07,1.80009e+08,0.0464646
47,1.7625,0.132298,-0.165053,-1.70134,-0.0801082,0,-412319,78653,-117951,-3.34761e+06,0,-1.73915e+07,3.39573e+06,-5.22927e+06,-1.42984e+08,0.0474747
48,1.7625,0.157535,-0.151696,-1.76867,0.316001,0,947718,159028,-185767,1.12091e+06,0,3.94493e+07,6.57012e+06,-7.81507e+06,4.73469e+07,0.0484848
49,1.7625,0.0273986,-0.137869,-1.6903,0.261921,0,-894240,-418862,39039.8,754681,0,-3.66105e+07,-1.70547e+07,1.58856e+06,3.06203e+07,0.0494949
50,1.7625,0.114211,-0.0773649,-1.59344,0.0267575,0,570214,351418,-769710,-1.18358e+06,0,2.28575e+07,1.41395e+07,-3.05022e+07,-4.73802e+07,0.0505051
51,1.7625,0.122833,-0.136532,-1.58784,0.0459818,0,-524100,67011.3,1.46966e+06,1.26729e+06,0,-2.05311e+07,2.54087e+06,5.76576e+07,4.96468e+07,0.0515152
52,1.7625,0.170251,-0.171343,-1.88892,-0.0582741,0,325940,-358407,-190767,-1.70067e+06,0,1.2634e+07,-1.37598e+07,-7.80523e+06,-6.52943e+07,0.0525253
53,1.7625,0.100933,-0.145273,-1.85088,0.00389958,0,375259,406279,-1.42071e+06,2.9388e+06,0,1.39988e+07,1.53328e+07,-5.34742e+07,1.10521e+08,0.0535354
54,1.7625,0.058835,-0.181828,-1.56161,-0.104672,0,-1.07506e+06,-211668,629583,-4.63278e+06,0,-3.97086e+07,-7.89824e+06,2.3707e+07,-1.71248e+08,0.0545455
55,1.7625,0.139405,-0.152914,-1.66309,0.284907,0,1.47968e+06,-230575,1.06758e+06,5.18613e+06,0,5.37225e+07,-8.29127e+06,3.86194e+07,1.88527e+08,0.0555556
56,1.7625,0.0511779,-0.135665,-1.90164,-0.0562514,0,-1.66034e+06,746226,-432926,-4.42176e+06,0,-5.92373e+07,2.65475e+07,-1.58325e+07,-1.57973e+08,0.0565657
57,1.7625,0.156712,-0.176682,-1.77053,0.197743,0,1.53665e+06,-828343,-2.16747e+06,3.34523e+06,0,5.39131e+07,-2.90906e+07,-7.55378e+07,1.17414e+08,0.0575758
58,1.7625,0.0599612,-0.0648722,-1.57459,0.0506631,0,-927750,-68010.4,3.6067e+06,-2.09243e+06,0,-3.20898e+07,-2.12439e+06,1.24223e+08,-7.22954e+07,0.0585859
59,1.7625,0.133868,-0.0756823,-1.90032,0.218978,0,-140823,1.3072e+06,-2.01787e+06,403139,0,-4.58853e+06,4.41067e+07,-6.87812e+07,1.39182e+07,0.059596
60,1.7625,0.14679,-0.191602,-1.70546,0.239841,0,1.11693e+06,-1.65757e+06,-984147,419440,0,3.70776e+07,-5.52182e+07,-3.23716e+07,1.39973e+07,0.0606061
61,1.7625,0.0578281,-0.0650423,-1.51928,0.103869,0,-1.4545e+06,1.08147e+06,1.89792e+06,613819,0,-4.76175e+07,3.55121e+07,6.22602e+07,1.9845e+07,0.0616162
62,1.7625,0.143074,-0.0999225,-1.73339,0.0678199,0,1.2628e+06,-494355,-1.16603e+06,-1.54741e+06,0,4.07091e+07,-1.59638e+07,-3.76091e+07,-4.98281e+07,0.0626263
63,1.7625,0.0854292,-0.0979043,-1.84184,0.254374,0,-855208,169019,2.20851e+06,-139264,0,-2.71582e+07,5.39453e+06,6.96494e+07,-3.97752e+06,0.0636364
64,1.7625,0.127761,-0.121148,-1.89737,0.157843,0,309147,345160,-3.45191e+06,3.32528e+06,0,9.7176e+06,1.06752e+07,-1.07674e+08,1.03345e+08,0.0646465
65,1.7625,0.112747,-0.126436,-1.53805,-0.122336,0,149667,-937809,1.35695e+06,-3.95861e+06,0,4.5606e+06,-2.87398e+07,4.21498e+07,-1.21749e+08,0.0656566
66,1.7625,0.0831744,-0.0612078,-1.61648,0.185892,0,-121352,959772,2.47883e+06,2.01858e+06,0,-3.7103e+06,2.90669e+07,7.45338e+07,6.12785e+07,0.0666667
67,1.7625,0.103264,-0.124056,-1.77895,0.231884,0,-122734,-759654,-4.97669e+06,-791701,0,-3.64075e+06,-2.26188e+07,-1.48047e+08,-2.36071e+07,0.0676768
68,1.7625,0.136715,-0.146069,-1.52145,0.272688,0,-266724,1.02944e+06,5.29536e+06,8027.3,0,-7.7251e+06,3.01457e+07,1.55442e+08,377689,0.0686869
69,1.7625,0.117483,-0.207206,-1.77254,0.227567,0,1.2357e+06,-1.1005e+06,-4.5999e+06,1.1358e+06,0,3.56162e+07,-3.18561e+07,-1.33045e+08,3.2733e+07,0.069697
70,1.7625,0.0475997,-0.141259,-1.67351,0.122304,0,-1.57098e+06,821193,4.45166e+06,-1.3035e+06,0,-4.48006e+07,2.34159e+07,1.26811e+08,-3.72094e+07,0.0707071
71,1.7625,0.150766,-0.131837,-1.8442,0.191023,0,898078,-654405,-3.96381e+06,656825,0,2.53247e+07,-1.83984e+07,-1.11472e+08,1.85126e+07,0.0717172
72,1.7625,0.1376,-0.0731749,-1.64338,0.194676,0,-168710,-108115,2.07604e+06,-1.26677e+06,0,-4.7176e+06,-2.86117e+06,5.77385e+07,-3.49024e+07,0.0727273
73,1.7625,0.132375,-0.0920998,-1.69979,0.1387,0,-381721,973187,36301.4,2.75441e+06,0,-1.03662e+07,2.65498e+07,827797,7.51328e+07,0.0737374
74,1.7625,0.126928,-0.196793,-1.72945,-0.0864582,0,844612,-866964,-945259,-1.78151e+06,0,2.27301e+07,-2.341e+07,-2.54625e+07,-4.82808e+07,0.0747475
75,1.7625,0.0657562,-0.199234,-1.64715,0.0282316,0,-648325,1.07842e+06,1.03201e+06,-1.51902e+06,0,-1.72943e+07,2.85752e+07,2.74212e+07,-4.00624e+07,0.0757576
76,1.7625,0.095192,-0.189351,-1.62435,0.118578,0,89599.1,-2.15365e+06,-2.12451e+06,3.66336e+06,0,2.38708e+06,-5.6388e+07,-5.55411e+07,9.60217e+07,0.0767677
77,1.7625,0.114756,-0.0881124,-1.59436,-0.0745693,0,26322.1,2.79868e+06,3.16785e+06,-4.15764e+06,0,698517,7.24343e+07,8.20048e+07,-1.07602e+08,0.0777778
78,1.7625,0.108266,-0.176647,-1.81109,-0.0165305,0,49978.2,-2.25774e+06,-1.2173e+06,4.61201e+06,0,1.28143e+06,-5.77904e+07,-3.14268e+07,1.1779e+08,0.0787879
79,1.7625,0.090367,-0.0647737,-1.73971,-0.189456,0,211233,585589,-1.86101e+06,-4.75185e+06,0,5.29046e+06,1.49426e+07,-4.67677e+07,-1.19902e+08,0.079798
80,1.7625,0.0853122,-0.0668884,-1.57751,-0.0589147,0,-332425,897696,1.25262e+06,5.74426e+06,0,-8.29913e+06,2.22956e+07,3.14758e+07,1.42892e+08,0.0808081
81,1.7625,0.123645,-0.131504,-1.72997,-0.100587,0,-83133.1,-1.45828e+06,2.78003e+06,-8.56067e+06,0,-1.99957e+06,-3.58506e+07,6.80371e+07,-2.10338e+08,0.0818182
82,1.7625,0.14145,-0.111358,-1.88336,0.20296,0,-60384,1.85836e+06,-3.71647e+06,8.93545e+06,0,-1.40009e+06,4.51144e+07,-9.05078e+07,2.17297e+08,0.0828283
83,1.7625,0.101639,-0.167609,-1.58709,-0.16452,0,1.43055e+06,-2.20286e+06,-1.33971e+06,-6.26905e+06,0,3.42023e+07,-5.28622e+07,-3.16198e+07,-1.50676e+08,0.0838384
84,1.7625,0.0591776,-0.108659,-1.51935,-0.142619,0,-3.00087e+06,2.02061e+06,5.88125e+06,6.57991e+06,0,-7.1075e+07,4.79575e+07,1.39358e+08,1.55796e+08,0.0848485
85,1.7625,0.147613,-0.178471,-1.84215,-0.20481,0,3.93593e+06,-1.28341e+06,-4.76234e+06,-7.22551e+06,0,9.21961e+07,-3.01409e+07,-1.11876e+08,-1.69482e+08,0.0858586
86,1.7625,0.0443569,-0.155776,-1.71092,0.263722,0,-4.01496e+06,1.00069e+06,1.34938e+06,2.21629e+06,0,-9.30169e+07,2.31499e+07,3.14467e+07,5.18598e+07,0.0868687
87,1.7625,0.161648,-0.139994,-1.68198,0.318408,0,2.84978e+06,-1.61175e+06,407708,528236,0,6.53652e+07,-3.68413e+07,9.29283e+06,1.22552e+07,0.0878788
88,1.7625,0.0734295,-0.0802562,-1.71109,0.0590944,0,-1.16414e+06,1.41359e+06,-1.11929e+06,3.00182e+06,0,-2.64392e+07,3.2072e+07,-2.5278e+07,6.76342e+07,0.0888889
89,1.7625,0.0580931,-0.157362,-1.71158,-0.181537,0,241118,308985,1.526e+06,-4.82444e+06,0,5.41911e+06,6.77476e+06,3.41447e+07,-1.08013e+08,0.089899
90,1.7625,0.0485735,-0.180921,-1.79577,-0.0633197,0,-54760.3,-2.0144e+06,463461,3.88511e+06,0,-1.21078e+06,-4.44941e+07,1.00058e+07,8.60091e+07,0.0909091
91,1.7625,0.032838,-0.12184,-1.7317,-0.122605,0,1.09899e+06,2.81693e+06,-4.00549e+06,-3.56905e+06,0,2.39196e+07,6.16119e+07,-8.74572e+07,-7.808e+07,0.0919192
92,1.7625,0.0568584,-0.189246,-1.54357,-0.0596726,0,-3.11242e+06,-2.47649e+06,5.73756e+06,6.19304e+06,0,-6.72428e+07,-5.36588e+07,1.24146e+08,1.33724e+08,0.0929293
93,1.7625,0.172418,-0.104463,-1.63811,-0.0498095,0,3.47836e+06,1.5064e+06,-7.66435e+06,-1.15317e+07,0,7.45334e+07,3.2297e+07,-1.6387e+08,-2.46539e+08,0.0939394
94,1.7625,0.062336,-0.0916817,-1.55743,0.299558,0,-2.12394e+06,-1.64962e+06,1.01974e+07,1.2851e+07,0,-4.50655e+07,-3.48707e+07,2.15876e+08,2.72335e+08,0.0949495
95,1.7625,0.0683611,-0.0761758,-1.88197,-0.0785966,0,1.18453e+06,2.6319e+06,-9.34056e+06,-7.47004e+06,0,2.48421e+07,5.51047e+07,-1.95906e+08,-1.56959e+08,0.0959596
96,1.7625,0.0439139,-0.152613,-1.6956,0.0623833,0,-94881.7,-2.61935e+06,5.70883e+06,3.17471e+06,0,-2.06557e+06,-5.43573e+07,1.18586e+08,6.58673e+07,0.0969697
97,1.7625,0.0819964,-0.0848395,-1.8058,0.202568,0,-1.77644e+06,1.70819e+06,-1.80013e+06,-5.60844e+06,0,-3.63493e+07,3.51037e+07,-3.71427e+07,-1.14782e+08,0.0979798
98,1.7625,0.14807,-0.0993248,-1.78504,0.326466,0,1.37489e+06,-608382,-62428.5,4.2267e+06,0,2.80681e+07,-1.24196e+07,-1.27633e+06,8.62888e+07,0.0989899
99,1.7625,0.0319878,-0.0669006,-1.68728,-0.104256,0,0,0,0,0,0,0,0,0,0,0.1
